t,y
2025-07-01 00:30:00,7575.032
2025-07-01 01:00:00,7241.312
2025-07-01 01:30:00,7248.332
2025-07-01 02:00:00,7151.712
2025-07-01 02:30:00,7203.526
2025-07-01 03:00:00,7306.734
2025-07-01 03:30:00,7474.104
2025-07-01 04:00:00,7542.092
2025-07-01 04:30:00,7571.644
2025-07-01 05:00:00,7609.29
2025-07-01 05:30:00,7633.72
2025-07-01 06:00:00,7550.3
2025-07-01 06:30:00,7620.322
2025-07-01 07:00:00,7793.056
2025-07-01 07:30:00,8194.358
2025-07-01 08:00:00,8514.536
2025-07-01 08:30:00,9222.686
2025-07-01 09:00:00,10065.942
2025-07-01 09:30:00,10472.708
2025-07-01 10:00:00,10720.74
2025-07-01 10:30:00,10751.646
2025-07-01 11:00:00,11049.114
2025-07-01 11:30:00,11180.12
2025-07-01 12:00:00,11240.278
2025-07-01 12:30:00,11315.016
2025-07-01 13:00:00,11254.19
2025-07-01 13:30:00,11646.664
2025-07-01 14:00:00,11813.816
2025-07-01 14:30:00,11793.928
2025-07-01 15:00:00,11806.882
2025-07-01 15:30:00,11660.32
2025-07-01 16:00:00,11613.91
2025-07-01 16:30:00,11292.904
2025-07-01 17:00:00,11120.512
2025-07-01 17:30:00,10733.962
2025-07-01 18:00:00,10452.39
2025-07-01 18:30:00,10247.888
2025-07-01 19:00:00,10167.294
2025-07-01 19:30:00,10107.61
2025-07-01 20:00:00,9891.28
2025-07-01 20:30:00,9613.438
2025-07-01 21:00:00,9336.994
2025-07-01 21:30:00,9026.866
2025-07-01 22:00:00,8695.576
2025-07-01 22:30:00,8465.272
2025-07-01 23:00:00,8255.518
2025-07-01 23:30:00,8172.218
2025-07-02 00:30:00,7605.004
2025-07-02 01:00:00,7324.752
2025-07-02 01:30:00,7298.514
2025-07-02 02:00:00,7179.988
2025-07-02 02:30:00,7160.954
2025-07-02 03:00:00,7437.032
2025-07-02 03:30:00,7501.42
2025-07-02 04:00:00,7598.618
2025-07-02 04:30:00,7713.798
2025-07-02 05:00:00,7751.03
2025-07-02 05:30:00,7768.706
2025-07-02 06:00:00,7673.378
2025-07-02 06:30:00,7728.29
2025-07-02 07:00:00,7885.702
2025-07-02 07:30:00,8245.918
2025-07-02 08:00:00,8674.906
2025-07-02 08:30:00,9481.952
2025-07-02 09:00:00,10240.64
2025-07-02 09:30:00,10662.208
2025-07-02 10:00:00,11087.998
2025-07-02 10:30:00,11200.27
2025-07-02 11:00:00,11435.58
2025-07-02 11:30:00,11649.0
2025-07-02 12:00:00,11649.0
2025-07-02 12:30:00,11111.0
2025-07-02 13:00:00,11089.0
2025-07-02 13:30:00,11419.0
2025-07-02 14:00:00,11620.0
2025-07-02 14:30:00,12000.566
2025-07-02 15:00:00,11997.71
2025-07-02 15:30:00,11874.566
2025-07-02 16:00:00,11827.192
2025-07-02 16:30:00,11511.828
2025-07-02 17:00:00,11317.89
2025-07-02 17:30:00,10950.002
2025-07-02 18:00:00,10648.712
2025-07-02 18:30:00,10454.152
2025-07-02 19:00:00,10346.592
2025-07-02 19:30:00,10222.524
2025-07-02 20:00:00,9976.51
2025-07-02 20:30:00,9716.384
2025-07-02 21:00:00,9454.006
2025-07-02 21:30:00,9183.952
2025-07-02 22:00:00,8866.486
2025-07-02 22:30:00,8699.59
2025-07-02 23:00:00,8467.718
2025-07-02 23:30:00,8290.46
2025-07-03 00:30:00,7689.578
2025-07-03 01:00:00,7479.994
2025-07-03 01:30:00,7486.496
2025-07-03 02:00:00,7352.72
2025-07-03 02:30:00,7366.104
2025-07-03 03:00:00,7484.094
2025-07-03 03:30:00,7537.468
2025-07-03 04:00:00,7587.534
2025-07-03 04:30:00,7631.272
2025-07-03 05:00:00,7673.564
2025-07-03 05:30:00,7748.142
2025-07-03 06:00:00,7651.698
2025-07-03 06:30:00,7690.904
2025-07-03 07:00:00,7915.98
2025-07-03 07:30:00,8484.576
2025-07-03 08:00:00,8877.652
2025-07-03 08:30:00,9624.988
2025-07-03 09:00:00,10466.752
2025-07-03 09:30:00,11142.67
2025-07-03 10:00:00,11457.818
2025-07-03 10:30:00,11515.266
2025-07-03 11:00:00,11813.2
2025-07-03 11:30:00,12030.992
2025-07-03 12:00:00,12169.294
2025-07-03 12:30:00,11733.368
2025-07-03 13:00:00,11864.914
2025-07-03 13:30:00,12225.906
2025-07-03 14:00:00,12378.91
2025-07-03 14:30:00,12306.014
2025-07-03 15:00:00,12258.284
2025-07-03 15:30:00,11888.668
2025-07-03 16:00:00,11797.306
2025-07-03 16:30:00,11548.154
2025-07-03 17:00:00,11416.33
2025-07-03 17:30:00,11128.488
2025-07-03 18:00:00,10871.538
2025-07-03 18:30:00,10640.73
2025-07-03 19:00:00,10557.196
2025-07-03 19:30:00,10635.112
2025-07-03 20:00:00,10364.308
2025-07-03 20:30:00,10077.0
2025-07-03 21:00:00,9818.0
2025-07-03 21:30:00,9415.0
2025-07-03 22:00:00,9101.0
2025-07-03 22:30:00,8920.0
2025-07-03 23:00:00,8682.0
2025-07-03 23:30:00,8466.0
2025-07-04 00:30:00,7992.378
2025-07-04 01:00:00,7665.56
2025-07-04 01:30:00,7603.228
2025-07-04 02:00:00,7476.244
2025-07-04 02:30:00,7465.966
2025-07-04 03:00:00,7733.966
2025-07-04 03:30:00,7774.906
2025-07-04 04:00:00,7862.428
2025-07-04 04:30:00,7835.57
2025-07-04 05:00:00,7964.664
2025-07-04 05:30:00,7969.42
2025-07-04 06:00:00,7902.86
2025-07-04 06:30:00,8042.118
2025-07-04 07:00:00,8242.774
2025-07-04 07:30:00,8609.56
2025-07-04 08:00:00,9150.986
2025-07-04 08:30:00,10061.0
2025-07-04 09:00:00,10938.124
2025-07-04 09:30:00,11346.786
2025-07-04 10:00:00,11654.064
2025-07-04 10:30:00,11776.192
2025-07-04 11:00:00,11976.984
2025-07-04 11:30:00,12047.362
2025-07-04 12:00:00,12064.876
2025-07-04 12:30:00,11613.668
2025-07-04 13:00:00,11392.274
2025-07-04 13:30:00,11977.792
2025-07-04 14:00:00,12147.32
2025-07-04 14:30:00,12123.4
2025-07-04 15:00:00,12078.53
2025-07-04 15:30:00,11825.424
2025-07-04 16:00:00,11799.426
2025-07-04 16:30:00,11609.894
2025-07-04 17:00:00,11405.582
2025-07-04 17:30:00,11008.326
2025-07-04 18:00:00,10790.05
2025-07-04 18:30:00,10639.078
2025-07-04 19:00:00,10558.738
2025-07-04 19:30:00,10427.604
2025-07-04 20:00:00,10171.504
2025-07-04 20:30:00,9858.0
2025-07-04 21:00:00,9642.0
2025-07-04 21:30:00,9284.0
2025-07-04 22:00:00,8996.0
2025-07-04 22:30:00,8755.0
2025-07-04 23:00:00,8486.0
2025-07-04 23:30:00,8226.0
2025-07-05 00:30:00,7807.984
2025-07-05 01:00:00,7637.34
2025-07-05 01:30:00,7511.55
2025-07-05 02:00:00,7410.686
2025-07-05 02:30:00,7378.234
2025-07-05 03:00:00,7419.916
2025-07-05 03:30:00,7521.508
2025-07-05 04:00:00,7563.986
2025-07-05 04:30:00,7594.44
2025-07-05 05:00:00,7626.22
2025-07-05 05:30:00,7586.202
2025-07-05 06:00:00,7458.99
2025-07-05 06:30:00,7500.402
2025-07-05 07:00:00,7548.284
2025-07-05 07:30:00,7776.592
2025-07-05 08:00:00,8032.374
2025-07-05 08:30:00,8454.784
2025-07-05 09:00:00,8850.01
2025-07-05 09:30:00,9085.868
2025-07-05 10:00:00,9315.464
2025-07-05 10:30:00,9512.238
2025-07-05 11:00:00,9715.034
2025-07-05 11:30:00,9759.188
2025-07-05 12:00:00,9839.146
2025-07-05 12:30:00,9848.652
2025-07-05 13:00:00,9750.694
2025-07-05 13:30:00,9153.926
2025-07-05 14:00:00,9317.518
2025-07-05 14:30:00,9401.932
2025-07-05 15:00:00,9396.1
2025-07-05 15:30:00,9381.256
2025-07-05 16:00:00,9388.592
2025-07-05 16:30:00,9385.856
2025-07-05 17:00:00,9391.74
2025-07-05 17:30:00,9513.292
2025-07-05 18:00:00,9486.878
2025-07-05 18:30:00,9304.278
2025-07-05 19:00:00,9295.564
2025-07-05 19:30:00,9263.224
2025-07-05 20:00:00,9133.998
2025-07-05 20:30:00,8969.002
2025-07-05 21:00:00,8801.128
2025-07-05 21:30:00,8610.436
2025-07-05 22:00:00,8401.536
2025-07-05 22:30:00,8310.262
2025-07-05 23:00:00,8014.988
2025-07-05 23:30:00,7622.512
2025-07-06 00:30:00,7196.178
2025-07-06 01:00:00,7006.288
2025-07-06 01:30:00,6860.246
2025-07-06 02:00:00,6770.518
2025-07-06 02:30:00,6764.152
2025-07-06 03:00:00,6836.338
2025-07-06 03:30:00,6960.004
2025-07-06 04:00:00,7033.292
2025-07-06 04:30:00,7078.038
2025-07-06 05:00:00,7101.548
2025-07-06 05:30:00,7001.542
2025-07-06 06:00:00,6852.832
2025-07-06 06:30:00,6825.842
2025-07-06 07:00:00,6852.488
2025-07-06 07:30:00,7111.054
2025-07-06 08:00:00,7379.266
2025-07-06 08:30:00,7743.548
2025-07-06 09:00:00,8204.098
2025-07-06 09:30:00,8575.336
2025-07-06 10:00:00,8725.926
2025-07-06 10:30:00,8896.978
2025-07-06 11:00:00,9107.94
2025-07-06 11:30:00,9253.304
2025-07-06 12:00:00,9361.82
2025-07-06 12:30:00,9456.514
2025-07-06 13:00:00,9344.142
2025-07-06 13:30:00,9423.752
2025-07-06 14:00:00,9551.124
2025-07-06 14:30:00,9620.376
2025-07-06 15:00:00,9579.822
2025-07-06 15:30:00,9432.08
2025-07-06 16:00:00,9486.628
2025-07-06 16:30:00,9529.152
2025-07-06 17:00:00,9069.574
2025-07-06 17:30:00,9170.026
2025-07-06 18:00:00,9229.314
2025-07-06 18:30:00,9366.738
2025-07-06 19:00:00,9402.956
2025-07-06 19:30:00,9281.558
2025-07-06 20:00:00,9119.274
2025-07-06 20:30:00,8936.186
2025-07-06 21:00:00,8763.68
2025-07-06 21:30:00,8598.05
2025-07-06 22:00:00,8354.482
2025-07-06 22:30:00,8143.904
2025-07-06 23:00:00,7913.53
2025-07-06 23:30:00,7821.376
2025-07-07 00:30:00,7470.06
2025-07-07 01:00:00,7223.328
2025-07-07 01:30:00,7260.162
2025-07-07 02:00:00,7140.164
2025-07-07 02:30:00,7066.198
2025-07-07 03:00:00,7134.49
2025-07-07 03:30:00,7298.644
2025-07-07 04:00:00,7431.732
2025-07-07 04:30:00,7556.178
2025-07-07 05:00:00,7620.764
2025-07-07 05:30:00,7666.186
2025-07-07 06:00:00,7623.912
2025-07-07 06:30:00,7689.076
2025-07-07 07:00:00,7911.858
2025-07-07 07:30:00,8423.364
2025-07-07 08:00:00,8993.088
2025-07-07 08:30:00,9802.138
2025-07-07 09:00:00,10741.888
2025-07-07 09:30:00,11445.868
2025-07-07 10:00:00,11754.51
2025-07-07 10:30:00,11888.06
2025-07-07 11:00:00,12072.594
2025-07-07 11:30:00,12202.518
2025-07-07 12:00:00,12197.902
2025-07-07 12:30:00,11713.252
2025-07-07 13:00:00,11686.96
2025-07-07 13:30:00,12204.878
2025-07-07 14:00:00,12355.648
2025-07-07 14:30:00,12409.048
2025-07-07 15:00:00,12391.646
2025-07-07 15:30:00,12268.35
2025-07-07 16:00:00,12195.754
2025-07-07 16:30:00,11855.488
2025-07-07 17:00:00,11744.806
2025-07-07 17:30:00,11519.204
2025-07-07 18:00:00,11681.0
2025-07-07 18:30:00,11223.0
2025-07-07 19:00:00,11177.0
2025-07-07 19:30:00,10926.0
2025-07-07 20:00:00,10675.0
2025-07-07 20:30:00,10365.0
2025-07-07 21:00:00,10105.0
2025-07-07 21:30:00,9824.0
2025-07-07 22:00:00,9477.0
2025-07-07 22:30:00,9091.0
2025-07-07 23:00:00,8806.0
2025-07-07 23:30:00,8554.0
2025-07-08 00:30:00,7923.42
2025-07-08 01:00:00,7693.564
2025-07-08 01:30:00,7621.012
2025-07-08 02:00:00,7547.434
2025-07-08 02:30:00,7476.256
2025-07-08 03:00:00,7521.988
2025-07-08 03:30:00,7624.404
2025-07-08 04:00:00,7837.864
2025-07-08 04:30:00,7872.172
2025-07-08 05:00:00,7894.574
2025-07-08 05:30:00,7934.816
2025-07-08 06:00:00,7900.22
2025-07-08 06:30:00,8000.17
2025-07-08 07:00:00,8221.924
2025-07-08 07:30:00,8649.322
2025-07-08 08:00:00,9223.376
2025-07-08 08:30:00,10134.274
2025-07-08 09:00:00,10994.38
2025-07-08 09:30:00,11533.918
2025-07-08 10:00:00,11864.358
2025-07-08 10:30:00,11999.098
2025-07-08 11:00:00,12249.372
2025-07-08 11:30:00,12387.654
2025-07-08 12:00:00,12410.69
2025-07-08 12:30:00,12143.19
2025-07-08 13:00:00,12055.35
2025-07-08 13:30:00,12419.41
2025-07-08 14:00:00,12575.828
2025-07-08 14:30:00,12554.642
2025-07-08 15:00:00,12446.198
2025-07-08 15:30:00,12222.96
2025-07-08 16:00:00,12177.154
2025-07-08 16:30:00,11865.074
2025-07-08 17:00:00,11735.204
2025-07-08 17:30:00,11642.316
2025-07-08 18:00:00,11758.0
2025-07-08 18:30:00,11448.0
2025-07-08 19:00:00,11350.0
2025-07-08 19:30:00,11131.0
2025-07-08 20:00:00,10870.0
2025-07-08 20:30:00,10520.0
2025-07-08 21:00:00,10278.0
2025-07-08 21:30:00,9982.0
2025-07-08 22:00:00,9706.796
2025-07-08 22:30:00,9364.332
2025-07-08 23:00:00,9049.852
2025-07-08 23:30:00,8851.74
2025-07-09 00:30:00,8066.782
2025-07-09 01:00:00,7896.864
2025-07-09 01:30:00,7816.002
2025-07-09 02:00:00,7728.422
2025-07-09 02:30:00,7572.35
2025-07-09 03:00:00,7627.416
2025-07-09 03:30:00,7661.764
2025-07-09 04:00:00,7721.752
2025-07-09 04:30:00,7851.492
2025-07-09 05:00:00,7942.312
2025-07-09 05:30:00,8033.912
2025-07-09 06:00:00,7942.212
2025-07-09 06:30:00,8000.608
2025-07-09 07:00:00,8200.976
2025-07-09 07:30:00,8724.85
2025-07-09 08:00:00,9197.988
2025-07-09 08:30:00,10158.982
2025-07-09 09:00:00,11054.5
2025-07-09 09:30:00,11380.232
2025-07-09 10:00:00,11619.484
2025-07-09 10:30:00,12152.73
2025-07-09 11:00:00,12341.946
2025-07-09 11:30:00,12401.822
2025-07-09 12:00:00,12398.952
2025-07-09 12:30:00,11971.376
2025-07-09 13:00:00,11849.35
2025-07-09 13:30:00,12263.778
2025-07-09 14:00:00,12407.96
2025-07-09 14:30:00,12350.526
2025-07-09 15:00:00,12228.24
2025-07-09 15:30:00,11968.638
2025-07-09 16:00:00,11907.008
2025-07-09 16:30:00,11718.922
2025-07-09 17:00:00,11466.404
2025-07-09 17:30:00,11012.106
2025-07-09 18:00:00,10801.804
2025-07-09 18:30:00,10720.848
2025-07-09 19:00:00,10677.798
2025-07-09 19:30:00,10511.392
2025-07-09 20:00:00,10289.244
2025-07-09 20:30:00,9943.102
2025-07-09 21:00:00,9721.322
2025-07-09 21:30:00,9383.676
2025-07-09 22:00:00,9058.072
2025-07-09 22:30:00,8795.678
2025-07-09 23:00:00,8480.47
2025-07-09 23:30:00,8268.098
2025-07-10 00:30:00,7668.312
2025-07-10 01:00:00,7461.04
2025-07-10 01:30:00,7357.118
2025-07-10 02:00:00,7282.834
2025-07-10 02:30:00,7276.3
2025-07-10 03:00:00,7322.956
2025-07-10 03:30:00,7589.028
2025-07-10 04:00:00,7640.472
2025-07-10 04:30:00,7687.13
2025-07-10 05:00:00,7713.094
2025-07-10 05:30:00,7749.59
2025-07-10 06:00:00,7688.84
2025-07-10 06:30:00,7744.408
2025-07-10 07:00:00,7883.892
2025-07-10 07:30:00,8212.934
2025-07-10 08:00:00,8633.884
2025-07-10 08:30:00,9371.51
2025-07-10 09:00:00,10079.664
2025-07-10 09:30:00,10570.568
2025-07-10 10:00:00,10829.58
2025-07-10 10:30:00,11148.606
2025-07-10 11:00:00,11343.632
2025-07-10 11:30:00,11459.954
2025-07-10 12:00:00,11497.532
2025-07-10 12:30:00,11141.342
2025-07-10 13:00:00,11071.848
2025-07-10 13:30:00,11457.864
2025-07-10 14:00:00,11499.214
2025-07-10 14:30:00,11557.06
2025-07-10 15:00:00,11443.87
2025-07-10 15:30:00,11148.5
2025-07-10 16:00:00,11144.172
2025-07-10 16:30:00,11094.988
2025-07-10 17:00:00,10904.904
2025-07-10 17:30:00,10428.25
2025-07-10 18:00:00,10170.134
2025-07-10 18:30:00,10054.012
2025-07-10 19:00:00,9957.832
2025-07-10 19:30:00,9799.968
2025-07-10 20:00:00,9599.59
2025-07-10 20:30:00,9264.82
2025-07-10 21:00:00,9089.26
2025-07-10 21:30:00,8904.982
2025-07-10 22:00:00,8652.19
2025-07-10 22:30:00,8433.66
2025-07-10 23:00:00,8219.364
2025-07-10 23:30:00,8044.734
2025-07-11 00:30:00,7555.0
2025-07-11 01:00:00,7437.0
2025-07-11 01:30:00,7397.374
2025-07-11 02:00:00,7327.942
2025-07-11 02:30:00,7251.464
2025-07-11 03:00:00,7349.092
2025-07-11 03:30:00,7278.158
2025-07-11 04:00:00,7386.284
2025-07-11 04:30:00,7460.588
2025-07-11 05:00:00,7538.012
2025-07-11 05:30:00,7528.21
2025-07-11 06:00:00,7515.114
2025-07-11 06:30:00,7697.274
2025-07-11 07:00:00,7917.604
2025-07-11 07:30:00,8277.992
2025-07-11 08:00:00,8693.986
2025-07-11 08:30:00,9380.384
2025-07-11 09:00:00,10010.726
2025-07-11 09:30:00,10253.632
2025-07-11 10:00:00,10524.812
2025-07-11 10:30:00,10696.918
2025-07-11 11:00:00,10800.8
2025-07-11 11:30:00,10790.498
2025-07-11 12:00:00,10695.148
2025-07-11 12:30:00,10148.606
2025-07-11 13:00:00,9880.948
2025-07-11 13:30:00,10458.758
2025-07-11 14:00:00,10608.93
2025-07-11 14:30:00,10618.564
2025-07-11 15:00:00,10596.798
2025-07-11 15:30:00,10536.42
2025-07-11 16:00:00,10482.478
2025-07-11 16:30:00,10109.298
2025-07-11 17:00:00,9934.726
2025-07-11 17:30:00,9737.318
2025-07-11 18:00:00,9604.996
2025-07-11 18:30:00,9509.628
2025-07-11 19:00:00,9475.922
2025-07-11 19:30:00,9280.95
2025-07-11 20:00:00,9133.732
2025-07-11 20:30:00,9002.312
2025-07-11 21:00:00,8833.988
2025-07-11 21:30:00,8542.268
2025-07-11 22:00:00,8302.462
2025-07-11 22:30:00,8132.706
2025-07-11 23:00:00,7929.44
2025-07-11 23:30:00,7736.008
2025-07-12 00:30:00,7088.674
2025-07-12 01:00:00,6951.75
2025-07-12 01:30:00,6843.004
2025-07-12 02:00:00,6774.2
2025-07-12 02:30:00,6779.964
2025-07-12 03:00:00,6817.648
2025-07-12 03:30:00,6894.99
2025-07-12 04:00:00,6892.146
2025-07-12 04:30:00,6967.754
2025-07-12 05:00:00,7000.358
2025-07-12 05:30:00,6974.416
2025-07-12 06:00:00,6878.572
2025-07-12 06:30:00,6897.848
2025-07-12 07:00:00,6901.828
2025-07-12 07:30:00,6969.702
2025-07-12 08:00:00,7130.646
2025-07-12 08:30:00,7422.752
2025-07-12 09:00:00,7716.938
2025-07-12 09:30:00,7919.794
2025-07-12 10:00:00,8078.902
2025-07-12 10:30:00,8169.996
2025-07-12 11:00:00,8310.938
2025-07-12 11:30:00,8356.964
2025-07-12 12:00:00,8441.146
2025-07-12 12:30:00,8541.28
2025-07-12 13:00:00,8471.818
2025-07-12 13:30:00,8551.91
2025-07-12 14:00:00,8666.266
2025-07-12 14:30:00,8713.36
2025-07-12 15:00:00,8085.0
2025-07-12 15:30:00,8185.0
2025-07-12 16:00:00,8154.0
2025-07-12 16:30:00,8274.0
2025-07-12 17:00:00,8293.92
2025-07-12 17:30:00,8363.116
2025-07-12 18:00:00,8405.91
2025-07-12 18:30:00,8351.928
2025-07-12 19:00:00,8346.91
2025-07-12 19:30:00,8269.066
2025-07-12 20:00:00,8132.664
2025-07-12 20:30:00,7907.338
2025-07-12 21:00:00,7751.692
2025-07-12 21:30:00,7560.806
2025-07-12 22:00:00,7379.028
2025-07-12 22:30:00,7248.264
2025-07-12 23:00:00,7070.832
2025-07-12 23:30:00,6964.126
2025-07-13 00:30:00,6801.47
2025-07-13 01:00:00,6569.094
2025-07-13 01:30:00,6549.772
2025-07-13 02:00:00,6478.314
2025-07-13 02:30:00,6468.808
2025-07-13 03:00:00,6529.086
2025-07-13 03:30:00,6477.882
2025-07-13 04:00:00,6538.474
2025-07-13 04:30:00,6596.53
2025-07-13 05:00:00,6655.24
2025-07-13 05:30:00,6687.714
2025-07-13 06:00:00,6556.438
2025-07-13 06:30:00,6572.32
2025-07-13 07:00:00,6597.588
2025-07-13 07:30:00,6771.684
2025-07-13 08:00:00,6995.29
2025-07-13 08:30:00,7346.46
2025-07-13 09:00:00,7713.294
2025-07-13 09:30:00,7903.184
2025-07-13 10:00:00,8098.466
2025-07-13 10:30:00,8210.4
2025-07-13 11:00:00,8394.238
2025-07-13 11:30:00,8435.318
2025-07-13 12:00:00,8562.32
2025-07-13 12:30:00,8736.438
2025-07-13 13:00:00,8276.318
2025-07-13 13:30:00,8416.918
2025-07-13 14:00:00,8567.364
2025-07-13 14:30:00,8590.368
2025-07-13 15:00:00,8622.428
2025-07-13 15:30:00,8781.5
2025-07-13 16:00:00,8828.716
2025-07-13 16:30:00,8834.946
2025-07-13 17:00:00,8884.29
2025-07-13 17:30:00,8913.822
2025-07-13 18:00:00,8985.214
2025-07-13 18:30:00,8997.106
2025-07-13 19:00:00,9003.532
2025-07-13 19:30:00,8879.424
2025-07-13 20:00:00,8720.374
2025-07-13 20:30:00,8520.488
2025-07-13 21:00:00,8332.042
2025-07-13 21:30:00,8075.4
2025-07-13 22:00:00,7824.598
2025-07-13 22:30:00,7635.304
2025-07-13 23:00:00,7401.026
2025-07-13 23:30:00,7292.254
2025-07-14 00:30:00,6919.812
2025-07-14 01:00:00,6655.922
2025-07-14 01:30:00,6647.898
2025-07-14 02:00:00,6552.286
2025-07-14 02:30:00,6636.012
2025-07-14 03:00:00,6696.312
2025-07-14 03:30:00,6802.73
2025-07-14 04:00:00,6879.482
2025-07-14 04:30:00,7027.304
2025-07-14 05:00:00,7107.578
2025-07-14 05:30:00,7129.018
2025-07-14 06:00:00,7121.196
2025-07-14 06:30:00,7254.616
2025-07-14 07:00:00,7545.596
2025-07-14 07:30:00,8043.816
2025-07-14 08:00:00,8635.04
2025-07-14 08:30:00,9480.914
2025-07-14 09:00:00,10383.808
2025-07-14 09:30:00,10901.42
2025-07-14 10:00:00,11113.116
2025-07-14 10:30:00,11309.104
2025-07-14 11:00:00,11573.116
2025-07-14 11:30:00,11747.59
2025-07-14 12:00:00,11667.466
2025-07-14 12:30:00,10942.66
2025-07-14 13:00:00,10858.156
2025-07-14 13:30:00,11546.656
2025-07-14 14:00:00,11807.574
2025-07-14 14:30:00,11789.808
2025-07-14 15:00:00,11810.992
2025-07-14 15:30:00,11624.98
2025-07-14 16:00:00,11633.306
2025-07-14 16:30:00,11451.842
2025-07-14 17:00:00,11362.942
2025-07-14 17:30:00,11012.526
2025-07-14 18:00:00,10773.556
2025-07-14 18:30:00,10550.32
2025-07-14 19:00:00,10550.048
2025-07-14 19:30:00,10520.878
2025-07-14 20:00:00,10279.482
2025-07-14 20:30:00,9929.026
2025-07-14 21:00:00,9667.896
2025-07-14 21:30:00,9357.936
2025-07-14 22:00:00,9046.63
2025-07-14 22:30:00,8717.346
2025-07-14 23:00:00,8457.028
2025-07-14 23:30:00,8257.858
2025-07-15 00:30:00,7831.158
2025-07-15 01:00:00,7750.31
2025-07-15 01:30:00,7594.904
2025-07-15 02:00:00,7526.922
2025-07-15 02:30:00,7443.032
2025-07-15 03:00:00,7557.738
2025-07-15 03:30:00,7671.144
2025-07-15 04:00:00,7752.546
2025-07-15 04:30:00,7766.62
2025-07-15 05:00:00,7853.326
2025-07-15 05:30:00,7941.17
2025-07-15 06:00:00,7892.278
2025-07-15 06:30:00,8247.404
2025-07-15 07:00:00,8408.74
2025-07-15 07:30:00,8775.86
2025-07-15 08:00:00,9195.666
2025-07-15 08:30:00,10157.41
2025-07-15 09:00:00,10999.736
2025-07-15 09:30:00,11362.812
2025-07-15 10:00:00,11722.27
2025-07-15 10:30:00,11801.452
2025-07-15 11:00:00,11989.394
2025-07-15 11:30:00,11948.598
2025-07-15 12:00:00,11957.664
2025-07-15 12:30:00,11376.602
2025-07-15 13:00:00,11223.694
2025-07-15 13:30:00,11695.08
2025-07-15 14:00:00,11849.972
2025-07-15 14:30:00,11874.302
2025-07-15 15:00:00,11940.456
2025-07-15 15:30:00,11889.942
2025-07-15 16:00:00,11963.458
2025-07-15 16:30:00,11773.31
2025-07-15 17:00:00,11718.51
2025-07-15 17:30:00,11135.746
2025-07-15 18:00:00,10951.04
2025-07-15 18:30:00,10775.318
2025-07-15 19:00:00,10705.802
2025-07-15 19:30:00,10121.854
2025-07-15 20:00:00,9955.414
2025-07-15 20:30:00,9746.426
2025-07-15 21:00:00,9457.672
2025-07-15 21:30:00,9246.338
2025-07-15 22:00:00,8952.408
2025-07-15 22:30:00,8820.308
2025-07-15 23:00:00,8577.058
2025-07-15 23:30:00,8349.852
2025-07-16 00:30:00,8069.75
2025-07-16 01:00:00,7810.652
2025-07-16 01:30:00,7722.89
2025-07-16 02:00:00,7618.122
2025-07-16 02:30:00,7563.194
2025-07-16 03:00:00,7634.41
2025-07-16 03:30:00,7717.852
2025-07-16 04:00:00,7782.616
2025-07-16 04:30:00,7824.486
2025-07-16 05:00:00,7855.014
2025-07-16 05:30:00,7892.48
2025-07-16 06:00:00,7889.074
2025-07-16 06:30:00,8060.088
2025-07-16 07:00:00,8339.154
2025-07-16 07:30:00,8731.85
2025-07-16 08:00:00,9308.418
2025-07-16 08:30:00,10200.138
2025-07-16 09:00:00,11000.658
2025-07-16 09:30:00,11564.658
2025-07-16 10:00:00,11848.436
2025-07-16 10:30:00,12002.618
2025-07-16 11:00:00,12277.65
2025-07-16 11:30:00,12491.584
2025-07-16 12:00:00,12492.08
2025-07-16 12:30:00,12049.668
2025-07-16 13:00:00,11548.748
2025-07-16 13:30:00,12019.724
2025-07-16 14:00:00,12180.362
2025-07-16 14:30:00,12180.992
2025-07-16 15:00:00,12218.332
2025-07-16 15:30:00,12042.93
2025-07-16 16:00:00,12077.404
2025-07-16 16:30:00,11970.492
2025-07-16 17:00:00,11829.738
2025-07-16 17:30:00,11337.526
2025-07-16 18:00:00,11264.136
2025-07-16 18:30:00,11222.47
2025-07-16 19:00:00,11176.094
2025-07-16 19:30:00,10946.432
2025-07-16 20:00:00,10654.35
2025-07-16 20:30:00,10359.028
2025-07-16 21:00:00,10120.716
2025-07-16 21:30:00,9786.902
2025-07-16 22:00:00,9433.902
2025-07-16 22:30:00,9113.054
2025-07-16 23:00:00,8805.186
2025-07-16 23:30:00,8479.574
2025-07-17 00:30:00,8094.03
2025-07-17 01:00:00,7858.892
2025-07-17 01:30:00,7794.14
2025-07-17 02:00:00,7626.342
2025-07-17 02:30:00,7564.348
2025-07-17 03:00:00,7632.128
2025-07-17 03:30:00,7863.608
2025-07-17 04:00:00,7934.438
2025-07-17 04:30:00,7927.766
2025-07-17 05:00:00,8017.758
2025-07-17 05:30:00,8160.742
2025-07-17 06:00:00,8138.222
2025-07-17 06:30:00,8177.906
2025-07-17 07:00:00,8432.272
2025-07-17 07:30:00,9027.426
2025-07-17 08:00:00,9533.74
2025-07-17 08:30:00,10284.482
2025-07-17 09:00:00,10711.254
2025-07-17 09:30:00,11026.398
2025-07-17 10:00:00,11200.768
2025-07-17 10:30:00,11405.7
2025-07-17 11:00:00,11570.742
2025-07-17 11:30:00,12104.0
2025-07-17 12:00:00,12100.0
2025-07-17 12:30:00,11748.0
2025-07-17 13:00:00,11660.956
2025-07-17 13:30:00,11914.146
2025-07-17 14:00:00,12121.448
2025-07-17 14:30:00,12199.74
2025-07-17 15:00:00,12209.876
2025-07-17 15:30:00,12025.908
2025-07-17 16:00:00,12063.73
2025-07-17 16:30:00,11848.108
2025-07-17 17:00:00,11771.558
2025-07-17 17:30:00,11411.188
2025-07-17 18:00:00,11192.82
2025-07-17 18:30:00,11004.578
2025-07-17 19:00:00,10997.39
2025-07-17 19:30:00,11021.252
2025-07-17 20:00:00,10790.576
2025-07-17 20:30:00,10370.5
2025-07-17 21:00:00,10112.4
2025-07-17 21:30:00,9742.76
2025-07-17 22:00:00,9412.612
2025-07-17 22:30:00,9063.028
2025-07-17 23:00:00,8803.426
2025-07-17 23:30:00,8545.454
2025-07-18 00:30:00,8119.2
2025-07-18 01:00:00,7889.176
2025-07-18 01:30:00,7686.164
2025-07-18 02:00:00,7544.672
2025-07-18 02:30:00,7473.398
2025-07-18 03:00:00,7527.012
2025-07-18 03:30:00,7540.586
2025-07-18 04:00:00,7603.478
2025-07-18 04:30:00,7678.092
2025-07-18 05:00:00,7732.234
2025-07-18 05:30:00,7823.186
2025-07-18 06:00:00,7811.032
2025-07-18 06:30:00,7934.15
2025-07-18 07:00:00,8266.796
2025-07-18 07:30:00,8833.736
2025-07-18 08:00:00,9480.91
2025-07-18 08:30:00,10403.288
2025-07-18 09:00:00,11218.85
2025-07-18 09:30:00,11837.126
2025-07-18 10:00:00,12148.482
2025-07-18 10:30:00,12379.356
2025-07-18 11:00:00,12673.232
2025-07-18 11:30:00,12804.914
2025-07-18 12:00:00,12795.406
2025-07-18 12:30:00,12346.836
2025-07-18 13:00:00,12053.576
2025-07-18 13:30:00,12606.81
2025-07-18 14:00:00,12789.574
2025-07-18 14:30:00,12784.336
2025-07-18 15:00:00,12816.402
2025-07-18 15:30:00,12595.49
2025-07-18 16:00:00,12618.762
2025-07-18 16:30:00,12469.794
2025-07-18 17:00:00,12330.378
2025-07-18 17:30:00,11865.066
2025-07-18 18:00:00,11535.586
2025-07-18 18:30:00,11336.302
2025-07-18 19:00:00,11264.418
2025-07-18 19:30:00,10552.872
2025-07-18 20:00:00,10247.472
2025-07-18 20:30:00,9949.35
2025-07-18 21:00:00,9685.768
2025-07-18 21:30:00,9315.828
2025-07-18 22:00:00,8992.844
2025-07-18 22:30:00,8893.636
2025-07-18 23:00:00,8620.676
2025-07-18 23:30:00,8306.154
2025-07-19 00:30:00,7872.308
2025-07-19 01:00:00,7707.218
2025-07-19 01:30:00,7512.52
2025-07-19 02:00:00,7366.786
2025-07-19 02:30:00,7300.658
2025-07-19 03:00:00,7298.316
2025-07-19 03:30:00,7309.25
2025-07-19 04:00:00,7328.808
2025-07-19 04:30:00,7352.776
2025-07-19 05:00:00,7426.57
2025-07-19 05:30:00,7486.734
2025-07-19 06:00:00,7374.05
2025-07-19 06:30:00,7341.398
2025-07-19 07:00:00,7458.408
2025-07-19 07:30:00,7825.532
2025-07-19 08:00:00,8153.178
2025-07-19 08:30:00,8509.804
2025-07-19 09:00:00,8988.876
2025-07-19 09:30:00,9346.716
2025-07-19 10:00:00,9654.622
2025-07-19 10:30:00,10020.9
2025-07-19 11:00:00,10256.948
2025-07-19 11:30:00,10335.77
2025-07-19 12:00:00,10463.726
2025-07-19 12:30:00,10427.268
2025-07-19 13:00:00,10372.204
2025-07-19 13:30:00,10524.844
2025-07-19 14:00:00,10674.974
2025-07-19 14:30:00,10723.962
2025-07-19 15:00:00,10675.088
2025-07-19 15:30:00,10578.16
2025-07-19 16:00:00,10600.424
2025-07-19 16:30:00,10532.358
2025-07-19 17:00:00,10317.272
2025-07-19 17:30:00,10275.454
2025-07-19 18:00:00,10296.808
2025-07-19 18:30:00,10201.056
2025-07-19 19:00:00,10199.908
2025-07-19 19:30:00,10101.614
2025-07-19 20:00:00,9898.224
2025-07-19 20:30:00,9551.218
2025-07-19 21:00:00,9289.566
2025-07-19 21:30:00,8890.262
2025-07-19 22:00:00,8610.422
2025-07-19 22:30:00,8436.31
2025-07-19 23:00:00,8142.744
2025-07-19 23:30:00,7878.606
2025-07-20 00:30:00,7312.89
2025-07-20 01:00:00,7047.608
2025-07-20 01:30:00,6871.234
2025-07-20 02:00:00,6748.998
2025-07-20 02:30:00,6776.264
2025-07-20 03:00:00,6824.386
2025-07-20 03:30:00,7063.436
2025-07-20 04:00:00,7108.064
2025-07-20 04:30:00,7139.138
2025-07-20 05:00:00,7194.98
2025-07-20 05:30:00,7170.22
2025-07-20 06:00:00,7030.064
2025-07-20 06:30:00,6979.574
2025-07-20 07:00:00,7093.78
2025-07-20 07:30:00,7452.126
2025-07-20 08:00:00,7831.672
2025-07-20 08:30:00,8318.45
2025-07-20 09:00:00,8876.432
2025-07-20 09:30:00,9304.124
2025-07-20 10:00:00,9574.498
2025-07-20 10:30:00,9712.902
2025-07-20 11:00:00,9912.13
2025-07-20 11:30:00,9986.716
2025-07-20 12:00:00,10100.168
2025-07-20 12:30:00,9974.05
2025-07-20 13:00:00,9914.682
2025-07-20 13:30:00,10144.606
2025-07-20 14:00:00,10343.512
2025-07-20 14:30:00,10466.816
2025-07-20 15:00:00,10423.156
2025-07-20 15:30:00,10299.824
2025-07-20 16:00:00,10368.816
2025-07-20 16:30:00,10463.284
2025-07-20 17:00:00,10486.926
2025-07-20 17:30:00,10411.642
2025-07-20 18:00:00,10375.5
2025-07-20 18:30:00,10427.596
2025-07-20 19:00:00,10458.018
2025-07-20 19:30:00,10342.496
2025-07-20 20:00:00,10140.452
2025-07-20 20:30:00,9840.936
2025-07-20 21:00:00,9597.854
2025-07-20 21:30:00,9257.202
2025-07-20 22:00:00,8934.966
2025-07-20 22:30:00,8626.624
2025-07-20 23:00:00,8299.93
2025-07-20 23:30:00,8071.806
2025-07-21 00:30:00,7159.188
2025-07-21 01:00:00,6838.64
2025-07-21 01:30:00,6805.876
2025-07-21 02:00:00,6719.448
2025-07-21 02:30:00,6675.51
2025-07-21 03:00:00,6722.476
2025-07-21 03:30:00,7190.204
2025-07-21 04:00:00,7245.084
2025-07-21 04:30:00,7300.248
2025-07-21 05:00:00,7353.304
2025-07-21 05:30:00,7447.594
2025-07-21 06:00:00,7340.59
2025-07-21 06:30:00,7220.158
2025-07-21 07:00:00,7380.262
2025-07-21 07:30:00,7639.032
2025-07-21 08:00:00,8119.446
2025-07-21 08:30:00,8757.518
2025-07-21 09:00:00,9374.736
2025-07-21 09:30:00,10380.822
2025-07-21 10:00:00,10606.288
2025-07-21 10:30:00,10746.592
2025-07-21 11:00:00,10923.432
2025-07-21 11:30:00,11015.098
2025-07-21 12:00:00,11167.684
2025-07-21 12:30:00,11232.914
2025-07-21 13:00:00,11182.156
2025-07-21 13:30:00,11221.372
2025-07-21 14:00:00,11279.46
2025-07-21 14:30:00,11307.016
2025-07-21 15:00:00,11290.406
2025-07-21 15:30:00,11149.368
2025-07-21 16:00:00,11133.638
2025-07-21 16:30:00,10990.044
2025-07-21 17:00:00,11008.89
2025-07-21 17:30:00,11015.796
2025-07-21 18:00:00,10982.266
2025-07-21 18:30:00,10938.81
2025-07-21 19:00:00,10845.256
2025-07-21 19:30:00,10642.208
2025-07-21 20:00:00,10357.466
2025-07-21 20:30:00,10019.432
2025-07-21 21:00:00,9771.708
2025-07-21 21:30:00,9451.922
2025-07-21 22:00:00,9112.578
2025-07-21 22:30:00,8718.688
2025-07-21 23:00:00,8443.19
2025-07-21 23:30:00,8260.712
2025-07-22 00:30:00,7772.094
2025-07-22 01:00:00,7452.38
2025-07-22 01:30:00,7378.684
2025-07-22 02:00:00,7253.852
2025-07-22 02:30:00,7147.624
2025-07-22 03:00:00,7503.068
2025-07-22 03:30:00,7661.984
2025-07-22 04:00:00,7784.466
2025-07-22 04:30:00,7946.494
2025-07-22 05:00:00,8033.052
2025-07-22 05:30:00,8060.736
2025-07-22 06:00:00,8016.2
2025-07-22 06:30:00,8055.852
2025-07-22 07:00:00,8344.57
2025-07-22 07:30:00,8776.766
2025-07-22 08:00:00,9467.934
2025-07-22 08:30:00,10572.244
2025-07-22 09:00:00,11534.168
2025-07-22 09:30:00,12441.42
2025-07-22 10:00:00,12773.27
2025-07-22 10:30:00,12937.26
2025-07-22 11:00:00,13189.526
2025-07-22 11:30:00,13251.802
2025-07-22 12:00:00,13248.654
2025-07-22 12:30:00,12856.126
2025-07-22 13:00:00,12751.788
2025-07-22 13:30:00,13102.482
2025-07-22 14:00:00,13210.14
2025-07-22 14:30:00,13317.014
2025-07-22 15:00:00,13283.61
2025-07-22 15:30:00,12946.518
2025-07-22 16:00:00,13071.97
2025-07-22 16:30:00,12989.284
2025-07-22 17:00:00,12810.78
2025-07-22 17:30:00,12325.028
2025-07-22 18:00:00,12075.784
2025-07-22 18:30:00,11943.978
2025-07-22 19:00:00,11856.782
2025-07-22 19:30:00,11570.292
2025-07-22 20:00:00,11230.004
2025-07-22 20:30:00,10854.034
2025-07-22 21:00:00,10586.136
2025-07-22 21:30:00,10462.372
2025-07-22 22:00:00,10110.596
2025-07-22 22:30:00,9893.886
2025-07-22 23:00:00,9653.16
2025-07-22 23:30:00,9440.548
2025-07-23 00:30:00,8481.752
2025-07-23 01:00:00,8215.77
2025-07-23 01:30:00,8044.44
2025-07-23 02:00:00,7890.118
2025-07-23 02:30:00,7781.46
2025-07-23 03:00:00,7816.456
2025-07-23 03:30:00,7828.372
2025-07-23 04:00:00,7872.154
2025-07-23 04:30:00,7938.108
2025-07-23 05:00:00,8013.064
2025-07-23 05:30:00,8035.048
2025-07-23 06:00:00,8065.254
2025-07-23 06:30:00,8321.62
2025-07-23 07:00:00,8678.38
2025-07-23 07:30:00,9164.19
2025-07-23 08:00:00,9833.534
2025-07-23 08:30:00,10962.528
2025-07-23 09:00:00,11791.364
2025-07-23 09:30:00,12378.254
2025-07-23 10:00:00,12622.918
2025-07-23 10:30:00,12711.928
2025-07-23 11:00:00,12926.076
2025-07-23 11:30:00,13088.692
2025-07-23 12:00:00,13112.868
2025-07-23 12:30:00,13029.618
2025-07-23 13:00:00,12970.224
2025-07-23 13:30:00,13251.05
2025-07-23 14:00:00,13347.326
2025-07-23 14:30:00,13409.958
2025-07-23 15:00:00,13375.322
2025-07-23 15:30:00,13010.484
2025-07-23 16:00:00,13095.388
2025-07-23 16:30:00,12909.63
2025-07-23 17:00:00,12704.996
2025-07-23 17:30:00,12238.006
2025-07-23 18:00:00,11963.15
2025-07-23 18:30:00,11753.48
2025-07-23 19:00:00,11647.448
2025-07-23 19:30:00,11459.972
2025-07-23 20:00:00,11140.626
2025-07-23 20:30:00,10773.306
2025-07-23 21:00:00,10702.0
2025-07-23 21:30:00,10169.0
2025-07-23 22:00:00,9814.0
2025-07-23 22:30:00,9639.0
2025-07-23 23:00:00,9347.0
2025-07-23 23:30:00,9027.0
2025-07-24 00:30:00,8398.23
2025-07-24 01:00:00,8200.028
2025-07-24 01:30:00,7932.49
2025-07-24 02:00:00,7774.412
2025-07-24 02:30:00,7674.014
2025-07-24 03:00:00,7724.822
2025-07-24 03:30:00,7714.65
2025-07-24 04:00:00,7770.346
2025-07-24 04:30:00,7838.934
2025-07-24 05:00:00,7922.318
2025-07-24 05:30:00,8030.568
2025-07-24 06:00:00,8044.106
2025-07-24 06:30:00,8226.954
2025-07-24 07:00:00,8573.894
2025-07-24 07:30:00,9167.86
2025-07-24 08:00:00,9831.538
2025-07-24 08:30:00,10804.712
2025-07-24 09:00:00,11661.05
2025-07-24 09:30:00,12452.422
2025-07-24 10:00:00,12746.014
2025-07-24 10:30:00,12883.206
2025-07-24 11:00:00,13128.748
2025-07-24 11:30:00,13273.908
2025-07-24 12:00:00,13281.606
2025-07-24 12:30:00,13050.362
2025-07-24 13:00:00,13164.0
2025-07-24 13:30:00,13607.0
2025-07-24 14:00:00,13689.0
2025-07-24 14:30:00,13714.0
2025-07-24 15:00:00,13687.0
2025-07-24 15:30:00,13443.0
2025-07-24 16:00:00,13567.0
2025-07-24 16:30:00,13377.0
2025-07-24 17:00:00,13224.0
2025-07-24 17:30:00,12823.0
2025-07-24 18:00:00,12575.748
2025-07-24 18:30:00,12354.66
2025-07-24 19:00:00,12245.644
2025-07-24 19:30:00,11956.862
2025-07-24 20:00:00,11630.13
2025-07-24 20:30:00,11232.196
2025-07-24 21:00:00,10976.722
2025-07-24 21:30:00,10548.996
2025-07-24 22:00:00,10148.574
2025-07-24 22:30:00,9684.862
2025-07-24 23:00:00,9374.456
2025-07-24 23:30:00,9042.104
2025-07-25 00:30:00,8491.502
2025-07-25 01:00:00,8255.7
2025-07-25 01:30:00,8064.76
2025-07-25 02:00:00,7907.034
2025-07-25 02:30:00,7769.386
2025-07-25 03:00:00,7829.1
2025-07-25 03:30:00,7958.108
2025-07-25 04:00:00,8018.402
2025-07-25 04:30:00,8064.188
2025-07-25 05:00:00,8150.248
2025-07-25 05:30:00,8275.118
2025-07-25 06:00:00,8260.814
2025-07-25 06:30:00,8330.2
2025-07-25 07:00:00,8684.17
2025-07-25 07:30:00,9349.37
2025-07-25 08:00:00,10074.584
2025-07-25 08:30:00,11142.776
2025-07-25 09:00:00,12133.344
2025-07-25 09:30:00,12651.318
2025-07-25 10:00:00,12947.74
2025-07-25 10:30:00,13116.678
2025-07-25 11:00:00,13385.622
2025-07-25 11:30:00,13500.446
2025-07-25 12:00:00,13527.354
2025-07-25 12:30:00,13235.374
2025-07-25 13:00:00,13134.59
2025-07-25 13:30:00,13398.776
2025-07-25 14:00:00,13490.424
2025-07-25 14:30:00,13603.646
2025-07-25 15:00:00,13595.35
2025-07-25 15:30:00,13342.706
2025-07-25 16:00:00,13456.078
2025-07-25 16:30:00,13282.122
2025-07-25 17:00:00,13115.382
2025-07-25 17:30:00,12736.646
2025-07-25 18:00:00,12462.764
2025-07-25 18:30:00,12160.346
2025-07-25 19:00:00,12038.32
2025-07-25 19:30:00,11759.22
2025-07-25 20:00:00,11440.324
2025-07-25 20:30:00,11122.834
2025-07-25 21:00:00,10866.756
2025-07-25 21:30:00,10436.742
2025-07-25 22:00:00,10052.21
2025-07-25 22:30:00,9715.706
2025-07-25 23:00:00,9404.334
2025-07-25 23:30:00,9028.616
2025-07-26 00:30:00,8191.136
2025-07-26 01:00:00,7985.018
2025-07-26 01:30:00,7676.444
2025-07-26 02:00:00,7494.082
2025-07-26 02:30:00,7390.94
2025-07-26 03:00:00,7409.74
2025-07-26 03:30:00,7436.588
2025-07-26 04:00:00,7471.8
2025-07-26 04:30:00,7452.466
2025-07-26 05:00:00,7526.51
2025-07-26 05:30:00,7539.504
2025-07-26 06:00:00,7454.884
2025-07-26 06:30:00,7539.7
2025-07-26 07:00:00,7660.752
2025-07-26 07:30:00,7926.608
2025-07-26 08:00:00,8354.294
2025-07-26 08:30:00,8893.882
2025-07-26 09:00:00,9379.042
2025-07-26 09:30:00,9871.714
2025-07-26 10:00:00,10128.858
2025-07-26 10:30:00,10366.152
2025-07-26 11:00:00,10620.656
2025-07-26 11:30:00,10825.988
2025-07-26 12:00:00,10974.826
2025-07-26 12:30:00,10881.472
2025-07-26 13:00:00,11052.79
2025-07-26 13:30:00,11028.462
2025-07-26 14:00:00,11135.32
2025-07-26 14:30:00,11172.794
2025-07-26 15:00:00,11122.87
2025-07-26 15:30:00,11029.016
2025-07-26 16:00:00,11064.996
2025-07-26 16:30:00,11016.926
2025-07-26 17:00:00,10971.85
2025-07-26 17:30:00,10773.068
2025-07-26 18:00:00,10720.836
2025-07-26 18:30:00,10456.622
2025-07-26 19:00:00,10434.028
2025-07-26 19:30:00,10357.896
2025-07-26 20:00:00,10129.714
2025-07-26 20:30:00,9755.45
2025-07-26 21:00:00,9492.858
2025-07-26 21:30:00,9183.65
2025-07-26 22:00:00,8879.242
2025-07-26 22:30:00,8663.104
2025-07-26 23:00:00,8319.082
2025-07-26 23:30:00,7989.266
2025-07-27 00:30:00,7756.8
2025-07-27 01:00:00,7530.762
2025-07-27 01:30:00,7480.018
2025-07-27 02:00:00,7398.602
2025-07-27 02:30:00,7294.898
2025-07-27 03:00:00,7306.032
2025-07-27 03:30:00,7342.642
2025-07-27 04:00:00,7386.972
2025-07-27 04:30:00,7432.028
2025-07-27 05:00:00,7494.492
2025-07-27 05:30:00,7497.958
2025-07-27 06:00:00,7411.672
2025-07-27 06:30:00,7444.686
2025-07-27 07:00:00,7610.784
2025-07-27 07:30:00,7925.26
2025-07-27 08:00:00,8318.798
2025-07-27 08:30:00,8750.4
2025-07-27 09:00:00,9196.786
2025-07-27 09:30:00,9641.186
2025-07-27 10:00:00,9832.562
2025-07-27 10:30:00,10026.892
2025-07-27 11:00:00,10263.746
2025-07-27 11:30:00,10458.398
2025-07-27 12:00:00,10620.654
2025-07-27 12:30:00,10438.63
2025-07-27 13:00:00,10457.294
2025-07-27 13:30:00,10535.316
2025-07-27 14:00:00,10617.286
2025-07-27 14:30:00,10693.228
2025-07-27 15:00:00,10692.95
2025-07-27 15:30:00,10660.954
2025-07-27 16:00:00,10685.974
2025-07-27 16:30:00,10654.882
2025-07-27 17:00:00,10684.784
2025-07-27 17:30:00,10655.458
2025-07-27 18:00:00,10628.264
2025-07-27 18:30:00,10449.284
2025-07-27 19:00:00,10332.598
2025-07-27 19:30:00,10244.322
2025-07-27 20:00:00,10047.448
2025-07-27 20:30:00,9854.498
2025-07-27 21:00:00,9655.79
2025-07-27 21:30:00,9412.82
2025-07-27 22:00:00,9141.88
2025-07-27 22:30:00,8925.744
2025-07-27 23:00:00,8678.204
2025-07-27 23:30:00,8485.814
2025-07-28 00:30:00,7967.722
2025-07-28 01:00:00,7670.726
2025-07-28 01:30:00,7580.246
2025-07-28 02:00:00,7498.13
2025-07-28 02:30:00,7480.148
2025-07-28 03:00:00,7418.47
2025-07-28 03:30:00,7428.056
2025-07-28 04:00:00,7453.588
2025-07-28 04:30:00,7548.078
2025-07-28 05:00:00,7649.466
2025-07-28 05:30:00,7755.95
2025-07-28 06:00:00,7836.574
2025-07-28 06:30:00,8196.602
2025-07-28 07:00:00,8589.812
2025-07-28 07:30:00,9220.872
2025-07-28 08:00:00,9938.488
2025-07-28 08:30:00,10934.994
2025-07-28 09:00:00,11782.042
2025-07-28 09:30:00,12358.182
2025-07-28 10:00:00,12640.07
2025-07-28 10:30:00,12786.242
2025-07-28 11:00:00,12951.384
2025-07-28 11:30:00,13082.05
2025-07-28 12:00:00,13117.008
2025-07-28 12:30:00,12838.868
2025-07-28 13:00:00,12761.988
2025-07-28 13:30:00,13157.832
2025-07-28 14:00:00,13282.356
2025-07-28 14:30:00,13329.444
2025-07-28 15:00:00,13272.128
2025-07-28 15:30:00,13110.992
2025-07-28 16:00:00,13230.88
2025-07-28 16:30:00,13091.868
2025-07-28 17:00:00,12908.914
2025-07-28 17:30:00,12532.074
2025-07-28 18:00:00,12267.84
2025-07-28 18:30:00,12094.788
2025-07-28 19:00:00,11905.99
2025-07-28 19:30:00,11559.696
2025-07-28 20:00:00,11241.606
2025-07-28 20:30:00,10995.22
2025-07-28 21:00:00,10704.098
2025-07-28 21:30:00,10251.662
2025-07-28 22:00:00,9869.122
2025-07-28 22:30:00,9612.406
2025-07-28 23:00:00,9324.996
2025-07-28 23:30:00,9034.674
2025-07-29 00:30:00,8386.636
2025-07-29 01:00:00,8066.864
2025-07-29 01:30:00,7943.962
2025-07-29 02:00:00,7824.348
2025-07-29 02:30:00,7791.096
2025-07-29 03:00:00,7809.24
2025-07-29 03:30:00,7942.29
2025-07-29 04:00:00,7999.398
2025-07-29 04:30:00,8090.758
2025-07-29 05:00:00,8194.924
2025-07-29 05:30:00,8296.918
2025-07-29 06:00:00,8237.362
2025-07-29 06:30:00,8058.858
2025-07-29 07:00:00,8364.138
2025-07-29 07:30:00,9012.042
2025-07-29 08:00:00,9785.712
2025-07-29 08:30:00,11016.848
2025-07-29 09:00:00,12039.306
2025-07-29 09:30:00,12449.946
2025-07-29 10:00:00,12775.626
2025-07-29 10:30:00,12869.25
2025-07-29 11:00:00,13125.39
2025-07-29 11:30:00,13182.036
2025-07-29 12:00:00,13249.822
2025-07-29 12:30:00,13143.764
2025-07-29 13:00:00,13052.912
2025-07-29 13:30:00,13400.588
2025-07-29 14:00:00,13568.16
2025-07-29 14:30:00,13511.19
2025-07-29 15:00:00,13817.0
2025-07-29 15:30:00,13693.0
2025-07-29 16:00:00,13652.0
2025-07-29 16:30:00,13475.0
2025-07-29 17:00:00,13322.0
2025-07-29 17:30:00,12870.578
2025-07-29 18:00:00,12527.404
2025-07-29 18:30:00,12365.176
2025-07-29 19:00:00,12231.64
2025-07-29 19:30:00,11944.924
2025-07-29 20:00:00,11609.096
2025-07-29 20:30:00,11310.372
2025-07-29 21:00:00,10949.41
2025-07-29 21:30:00,10569.214
2025-07-29 22:00:00,10163.542
2025-07-29 22:30:00,9836.636
2025-07-29 23:00:00,9443.048
2025-07-29 23:30:00,9070.802
2025-07-30 00:30:00,8475.706
2025-07-30 01:00:00,8243.848
2025-07-30 01:30:00,8057.156
2025-07-30 02:00:00,7906.524
2025-07-30 02:30:00,7790.458
2025-07-30 03:00:00,7808.466
2025-07-30 03:30:00,7865.962
2025-07-30 04:00:00,7906.594
2025-07-30 04:30:00,7956.66
2025-07-30 05:00:00,8049.674
2025-07-30 05:30:00,8169.8
2025-07-30 06:00:00,8180.212
2025-07-30 06:30:00,8315.768
2025-07-30 07:00:00,8683.478
2025-07-30 07:30:00,9359.1
2025-07-30 08:00:00,10080.792
2025-07-30 08:30:00,11118.622
2025-07-30 09:00:00,11998.062
2025-07-30 09:30:00,12705.856
2025-07-30 10:00:00,13079.392
2025-07-30 10:30:00,13306.348
2025-07-30 11:00:00,13337.33
2025-07-30 11:30:00,13354.79
2025-07-30 12:00:00,13429.586
2025-07-30 12:30:00,13232.462
2025-07-30 13:00:00,12266.124
2025-07-30 13:30:00,12628.456
2025-07-30 14:00:00,12722.374
2025-07-30 14:30:00,12812.314
2025-07-30 15:00:00,12786.428
2025-07-30 15:30:00,12490.204
2025-07-30 16:00:00,12886.676
2025-07-30 16:30:00,12878.934
2025-07-30 17:00:00,12732.75
2025-07-30 17:30:00,12501.576
2025-07-30 18:00:00,12269.358
2025-07-30 18:30:00,12069.676
2025-07-30 19:00:00,11943.33
2025-07-30 19:30:00,11767.512
2025-07-30 20:00:00,11417.554
2025-07-30 20:30:00,11069.828
2025-07-30 21:00:00,10775.376
2025-07-30 21:30:00,10374.038
2025-07-30 22:00:00,10007.434
2025-07-30 22:30:00,9668.726
2025-07-30 23:00:00,9375.23
2025-07-30 23:30:00,8989.51
2025-07-31 00:30:00,8285.958
2025-07-31 01:00:00,8015.53
2025-07-31 01:30:00,7863.87
2025-07-31 02:00:00,7758.454
2025-07-31 02:30:00,7712.06
2025-07-31 03:00:00,7737.622
2025-07-31 03:30:00,7698.62
2025-07-31 04:00:00,7746.264
2025-07-31 04:30:00,7860.99
2025-07-31 05:00:00,7922.648
2025-07-31 05:30:00,8003.944
2025-07-31 06:00:00,8060.42
2025-07-31 06:30:00,8316.062
2025-07-31 07:00:00,8683.598
2025-07-31 07:30:00,9231.266
2025-07-31 08:00:00,9933.608
2025-07-31 08:30:00,10955.006
2025-07-31 09:00:00,11855.224
2025-07-31 09:30:00,12348.058
2025-07-31 10:00:00,12667.336
2025-07-31 10:30:00,12723.708
2025-07-31 11:00:00,12964.964
2025-07-31 11:30:00,13105.242
2025-07-31 12:00:00,13095.56
2025-07-31 12:30:00,12630.118
2025-07-31 13:00:00,12570.422
2025-07-31 13:30:00,13232.062
2025-07-31 14:00:00,13380.478
2025-07-31 14:30:00,13419.3
2025-07-31 15:00:00,13382.682
2025-07-31 15:30:00,13132.516
2025-07-31 16:00:00,13207.488
2025-07-31 16:30:00,12988.23
2025-07-31 17:00:00,12812.596
2025-07-31 17:30:00,12479.124
2025-07-31 18:00:00,12121.582
2025-07-31 18:30:00,11755.396
2025-07-31 19:00:00,11260.306
2025-07-31 19:30:00,11150.8
2025-07-31 20:00:00,10833.914
2025-07-31 20:30:00,10618.272
2025-07-31 21:00:00,10372.844
2025-07-31 21:30:00,10040.226
2025-07-31 22:00:00,9669.432
2025-07-31 22:30:00,9416.72
2025-07-31 23:00:00,9123.25
2025-07-31 23:30:00,8789.234
