"power_w","irradiance_wm2","module_temp_c"
"18.771804","87.6","7.1375"
"36.287951","171.4","10.35625"
"63.74554375","307.3","15.703125"
"76.47339974999998","372.9","18.653125"
"60.24990575000001","291.7","16.815625"
"76.63674375","374.5","19.203125"
"78.14980800000001","383.2","20.075"
"49.482304000000006","238.4","15.55"
"41.93632575","201.3","14.590625000000001"
"32.32614","154.0","12.6125"
"26.972160000000002","128.0","11.6"
"4.6602950000000005","21.8","7.78125"
"13.303439000000003","62.6","9.356250000000001"
"21.17890775","100.1","10.528125"
"30.776470999999997","146.6","12.58125"
"21.106835750000002","100.1","11.428125000000001"
"30.411575","145.0","12.83125"
"28.065453749999996","134.1","13.390625"
"34.61742375","166.3","14.796875"
"60.230582999999996","295.4","20.13125"
"87.01688","436.0","25.525"
"50.443631999999994","247.2","19.924999999999997"
"25.868975750000008","124.9","16.103125"
"7.199271","34.2","11.86875"
"14.366451750000003","67.9","10.521875000000001"
"31.591727999999996","151.2","13.825"
"54.603229750000004","265.9","18.309375"
"80.109879","397.4","23.018749999999997"
"102.767616","518.4","27.2"
"125.37349500000003","642.2","30.96875"
"127.73632000000002","656.0","31.6"
"121.531215","622.2","30.84375"
"90.094015","451.0","25.29375"
"68.11934400000001","335.2","20.975"
"41.582037750000005","201.3","16.790625"
"10.46442375","49.5","10.746875"
"13.572519750000001","63.9","9.496875"
"34.186167749999996","163.1","12.996875"
"78.07725175000002","383.3","20.378125"
"106.47208775","532.9","25.253124999999997"
"100.18059975000001","499.1","24.096875"
"96.82191775","481.3","23.540625"
"126.69805575000002","644.7","29.346875"
"105.884039","531.8","26.11875"
"73.525023","361.4","20.69375"
"73.42781174999999","360.9","20.678125"
"34.554095999999994","165.6","14.175"
"9.124815","43.0","9.74375"
"25.389884000000002","119.6","9.6375"
"63.818391","309.4","17.16875"
"90.76524800000003","449.6","22.65"
"129.04789975","660.1","30.628125"
"170.322519","903.4","39.33125"
"187.27592700000002","1010.2","43.26875"
"188.09848","1018.4","44.125"
"169.32719375000002","903.5","40.734375"
"145.32102","762.0","36.6125"
"101.55622400000003","515.2","28.6"
"51.13793575","249.7","19.003124999999997"
"13.161408","62.4","11.35"
"29.657943","141.4","12.818750000000001"
"70.966935","351.0","22.26875"
"93.584079","473.4","27.893749999999997"
"97.00678","494.0","29.5375"
"112.469808","581.6","33.275"
"101.64185775000001","521.1","31.184375000000003"
"72.050511","361.4","25.79375"
"46.66600575","230.1","21.490625"
"48.592215","239.4","21.28125"
"72.88892375","365.5","25.721875"
"36.97497375","180.5","18.940625"
"9.50518575","45.3","12.715625000000001"
"23.066416000000004","109.6","11.925"
"57.61776975000001","281.1","18.784375"
"83.98501499999999","418.2","23.96875"
"106.67845575000001","539.1","27.646875"
"122.06830299999999","623.8","30.393749999999997"
"120.556863","614.6","29.80625"
"145.00542375000003","753.5","34.446875"
"140.29399999999998","728.8","34.375"
"113.29707975000001","577.7","29.853125000000002"
"86.897775","435.0","25.29375"
"46.96055175000001","228.9","18.553125"
"10.233939750000001","48.7","12.321875"
"31.065371999999996","147.6","11.9125"
"77.51610375000001","382.3","21.546875"
"121.75228975","625.1","31.534375"
"154.48515975","819.3","39.303124999999994"
"175.017143","949.4","44.56875"
"179.31007375000002","978.7","45.984375"
"136.93210299999998","723.8","38.51875"
"77.81368","392.8","27.375"
"83.30156800000002","420.8","27.55"
"42.30589375","207.7","20.390625"
"29.927283750000004","144.9","16.828125"
"8.830983000000002","42.2","13.41875"
"10.880892","51.6","11.412500000000001"
"31.01251975","148.9","14.653125"
"60.08441175","293.7","19.278125"
"95.14784375","477.5","25.921875"
"152.823111","802.2","36.868750000000006"
"162.485583","860.6","38.99375"
"163.477719","868.2","39.63125"
"141.10034375","737.5","35.846875"
"104.81576700000001","533.4","29.36875"
"72.972823","363.8","24.26875"
"48.045623750000004","235.1","19.546875"
"13.810111999999998","65.6","11.850000000000001"
"20.656899750000004","96.9","8.528125"
"57.09749500000001","275.8","16.21875"
"79.21821374999999","393.9","23.609375"
"99.11593575","505.7","30.003124999999997"
"128.32262300000002","675.4","37.506249999999994"
"148.84739175","799.9","42.396874999999994"
"135.12839175","718.3","39.846875"
"116.39998975","606.1","34.940625"
"77.48712975000001","390.9","27.215625"
"72.71883375","364.3","25.484375"
"39.34002800000001","192.4","19.4125"
"10.989852","52.4","12.837499999999999"
"17.677939750000004","83.9","11.621875"
"35.969294999999995","173.0","15.10625"
"42.565317750000006","206.1","16.840625"
"55.446527749999994","271.9","20.096874999999997"
"89.38708375000002","450.5","26.978125"
"111.58814400000001","573.6","31.825000000000003"
"113.46990575000001","585.1","32.584375"
"132.02304974999998","691.7","36.415625000000006"
"126.53129500000001","659.0","34.99375"
"79.44584375000001","399.1","26.171875"
"48.919132000000005","239.6","19.7875"
"12.935867750000002","61.7","12.928125"
"11.827983750000001","56.1","11.453125"
"37.767326999999995","182.2","15.893749999999999"
"53.73952","262.4","19.0"
"80.38943575","400.7","24.221874999999997"
"94.79355375","479.5","27.884375"
"118.01547575","608.9","32.728125"
"141.698751","748.6","38.39375"
"139.62808575","738.9","38.790625"
"133.99341975000002","704.7","37.321875000000006"
"102.71402374999998","526.3","31.046875"
"56.17224375","277.5","21.971875"
"14.388903750000003","68.9","13.953125"
"17.203849749999996","82.1","13.065625"
"32.184307749999995","156.1","17.278125"
"39.349143000000005","192.6","19.61875"
"38.554257750000005","189.3","20.415625"
"53.738087","267.8","24.168750000000003"
"54.755799","272.6","23.918750000000003"
"45.52130175","225.3","22.440625"
"49.49822400000001","245.6","23.075"
"69.2172","348.0","26.375"
"18.63091375","90.7","18.234375"
"15.24326","74.0","17.5125"
"5.103639000000001","24.6","15.668750000000001"
"10.93409375","51.5","9.609375"
"17.71149975","83.9","11.121875"
"23.247689750000003","110.9","12.965625"
"40.65888","196.8","16.75"
"71.75040000000001","355.2","22.5"
"103.35410800000002","525.2","29.012500000000003"
"107.024911","547.4","30.60625"
"118.71608575","613.1","32.959375"
"87.954503","443.8","27.26875"
"45.590832000000006","223.2","19.674999999999997"
"14.46055975","68.9","12.653125"
"27.252237750000003","129.3","11.540625"
"49.607271000000004","239.4","15.98125"
"74.73939375","367.5","20.784375"
"26.890015750000003","127.9","12.196874999999999"
"79.69672575","392.3","21.059375000000003"
"97.24625600000002","485.6","24.675"
"107.43675775000001","541.1","26.809375000000003"
"120.89784375","613.5","28.671875"
"55.156095750000006","268.9","18.603125"
"81.71797500000001","405.8","23.28125"
"37.665955749999995","181.7","15.878124999999999"
"9.255158999999999","43.8","10.86875"
"16.500591000000004","78.2","11.24375"
"26.787067999999998","127.6","12.587499999999999"
"59.096891750000005","287.3","17.878125"
"99.056015","494.6","24.65625"
"81.51610775","403.9","22.721874999999997"
"140.26511775","728.3","34.259375"
"81.45609500000002","404.6","23.34375"
"92.06743975","460.7","25.196875"
"91.422191","460.6","26.89375"
"66.38558575","330.1","23.615625"
"49.31967375000001","242.7","20.984375"
"13.652671999999999","65.6","14.850000000000001"
"30.330375000000004","145.0","13.53125"
"69.96234375","347.1","23.046875"
"100.365775","515.0","31.39375"
"143.81852400000002","771.6","42.0125"
"157.99896","864.8","46.625"
"170.28198","946.8","50.1875"
"175.34183099999998","981.4","51.66875"
"148.56359175000003","812.7","46.496875"
"118.26616374999999","631.3","40.828125"
"82.048375","425.0","33.68125"
"44.90982300000001","225.4","25.943749999999998"
"14.225595750000002","69.7","19.878125"
"5.24537175","24.9","11.678125"
"24.743536000000006","119.2","15.525"
"47.46207375000001","233.1","20.484375"
"71.72250375","361.5","26.996875"
"94.13589500000002","485.8","32.78125"
"122.64397500000001","650.2","39.21875"
"135.02993175","728.7","43.371875"
"147.929212","813.2","47.6125"
"141.398784","777.6","47.7"
"123.18191175000001","667.3","44.253125"
"94.11702000000001","498.0","38.7625"
"52.63919175","268.9","30.303124999999998"
"14.242526999999999","70.2","21.39375"
"11.24982","54.0","14.5875"
"22.447616000000004","108.8","17.099999999999998"
"49.43973375","245.1","22.859375"
"84.22694575","430.9","30.665625"
"106.078896","554.4","35.825"
"143.920476","781.2","44.712500000000006"
"151.22480175","828.3","46.784375"
"140.52782975","765.1","45.409375"
"109.42252400000001","581.2","39.6625"
"94.497975","495.0","36.36875"
"52.46131200000001","265.6","28.1"
"14.988303750000002","73.5","20.096875"
"23.311071000000002","113.4","18.04375"
"45.988239","227.4","22.20625"
"79.18473500000002","401.8","28.65625"
"75.10502000000001","382.0","29.2375"
"65.88467975","334.3","28.646875"
"52.603179749999995","264.9","26.778125"
"50.39239100000001","253.4","26.41875"
"50.5767","253.2","25.3125"
"46.34580375000001","229.5","22.571875"
"12.223932","58.8","15.137500000000001"
"7.556400000000001","36.0","12.625"
"19.077695","91.0","12.94375"
"45.97227375000001","223.5","17.884375"
"79.04051775000002","393.3","23.790625"
"125.850015","649.8","32.90625"
"168.76839375","904.5","41.765625"
"182.21038375","993.5","45.746875"
"182.00075900000002","996.2","46.63125"
"164.89528575","893.1","44.209375"
"137.762847","731.4","39.55625"
"100.26175975000001","516.7","32.446875000000006"
"56.56780800000001","281.6","23.9"
"15.84918","76.4","15.6875"
"5.770575","27.0","7.84375"
"40.58128775","195.1","14.996875"
"86.12953175","431.3","25.378125"
"127.10707975000003","664.1","35.753125"
"150.51093375000002","811.5","43.159375"
"168.06356775000003","927.9","48.596875"
"176.67416000000003","988.0","51.475"
"174.55310975","977.3","51.740624999999994"
"159.81673200000003","883.6","48.9125"
"131.72232975","709.3","42.865624999999994"
"73.06997175000001","375.3","31.628124999999997"
"36.430395749999995","181.7","24.378124999999997"
"11.132416000000003","54.4","19.2"
"6.707743000000001","32.2","14.60625"
"10.03444575","48.3","15.309375000000001"
"19.148109750000003","93.1","17.909375"
"23.4479","114.8","19.6875"
"22.390201750000006","109.9","20.334374999999998"
"32.104923750000005","159.3","23.078125"
"37.28088375","186.5","25.128125"
"32.672613750000004","163.5","25.209375"
"30.737223750000005","153.5","24.696875"
"23.95924175","118.9","23.115624999999998"
"16.180833749999998","79.5","20.584375"
"4.28064","20.8","17.75"
"11.985407","57.4","13.993749999999999"
"23.58555775","113.9","16.159375"
"44.988039750000006","220.7","20.196875"
"54.06322800000002","267.6","22.4625"
"73.22959600000002","367.6","25.9875"
"69.08582","346.0","25.4125"
"101.02268375000003","517.7","31.078125"
"79.50303375000001","401.1","27.234375"
"75.21438175","377.9","26.209375"
"50.106399","247.8","22.24375"
"36.714057749999995","179.7","19.615625"
"12.285855750000001","59.1","15.146875000000001"
"5.400576000000001","25.6","11.3"
"25.54937375","122.9","15.140625"
"58.03466975","286.1","21.440625"
"88.91972975","450.7","28.384375"
"120.24690300000002","628.2","35.73125"
"130.22802975000002","687.7","38.290625000000006"
"148.39264575","790.7","40.409375"
"139.12470000000002","733.2","37.8125"
"116.53191975","603.3","33.553124999999994"
"95.49414","486.0","29.3875"
"80.86432375","407.3","26.828125"
"41.477184","203.2","19.85"
"13.306695750000003","63.9","14.696874999999999"
"6.119424","28.8","9.4"
"40.1436","194.4","16.875"
"81.75103899999999","409.4","25.393749999999997"
"123.187111","637.4","33.41875"
"148.60172975000003","786.7","38.884375000000006"
"175.807324","954.8","44.8375"
"186.524375","1025.0","47.53125"
"171.447455","931.4","44.90625"
"157.22631900000002","846.6","42.85625"
"127.14844175000002","667.7","36.965625"
"94.29821375","483.5","31.209375"
"50.45225500000001","251.0","23.74375"
"16.398395999999998","79.6","17.4875"
"6.48238175","30.7","11.059375"
"41.81224375000001","203.9","18.671875"
"85.49366","434.0","28.7625"
"124.18361175","656.7","38.621875"
"153.43050300000002","837.8","46.08125"
"172.21883175000002","961.7","51.153125"
"180.42612375000002","1016.7","53.171875"
"176.318023","989.8","52.33125"
"160.11832375000003","885.5","48.971875"
"129.189936","693.6","42.175"
"95.05964700000001","494.6","34.75625"
"47.38313775","237.9","26.034375"
"15.005135750000003","73.7","20.503125"
"7.57441175","36.1","12.728125"
"35.25655999999999","172.0","18.775"
"66.11448000000001","332.0","26.075"
"90.83732175","468.3","32.534375"
"112.10112000000001","592.0","38.3"
"118.96911899999999","635.4","40.95625"
"65.338972","336.4","32.2125"
"49.526015","253.0","30.30625"
"38.232348","193.2","27.637500000000003"
"20.778288","103.2","23.325000000000003"
"30.197729750000004","149.9","23.184375"
"12.995415","63.4","18.78125"
"4.315584","20.8","15.65"
"20.67647175","99.1","14.196874999999999"
"43.10540775","209.7","18.053125"
"61.664815999999995","303.2","20.775"
"82.80376","412.0","23.775"
"124.85757375","641.9","31.859375"
"95.67115375","480.5","26.115625"
"160.34017500000002","847.8","38.59375"
"94.15215900000001","473.4","26.393749999999997"
"64.27611375000001","316.3","20.984375"
"25.703313750000003","123.7","15.265625"
"18.81896175","90.1","13.915624999999999"
"9.449775","45.0","12.50625"
"13.74206375","65.5","12.746875"
"32.77847775000001","158.1","15.840625"
"64.53930375","318.3","21.546875"
"59.70456700000001","293.8","20.981250000000003"
"72.984476","362.8","23.5375"
"75.71234375","377.5","24.296875"
"88.43907100000001","446.2","27.24375"
"86.41030575","436.3","27.434375000000003"
"99.32807175","507.3","30.253125"
"94.600407","482.2","29.768749999999997"
"56.47274175","280.3","23.159375"
"17.34065375","83.5","15.409375"
"7.77686","36.4","7.9375"
"41.888551750000005","201.7","15.403125"
"85.54553775000001","429.3","25.915625"
"125.25175999999999","656.8","36.625"
"153.26606375","833.5","45.146875"
"169.204316","942.8","50.662499999999994"
"178.38603900000004","1008.6","53.91875"
"172.922416","978.4","54.075"
"148.906287","825.4","49.49375"
"127.525296","693.6","45.175"
"94.21436975","498.1","38.565625"
"55.017257750000006","282.1","31.215625"
"16.75975175","83.3","23.503124999999997"
"8.82914175","42.9","17.740624999999998"
"35.035164","174.8","24.4625"
"62.08625575","316.9","30.103125"
"84.72229975","439.3","33.928125"
"99.78937499999999","525.0","37.40625"
"94.39872","496.0","37.1"
"90.72070000000001","475.6","36.5625"
"71.91245575","371.3","32.903125"
"46.86488000000001","236.0","26.775"
"14.131813750000001","69.1","19.359375"
"14.21473375","69.1","17.859375"
"6.27944775","30.3","15.946875"
"5.411679","25.8","12.80625"
"30.265756000000003","146.8","17.2875"
"62.609933749999996","310.7","23.109375"
"89.12326","451.6","28.3125"
"126.56497500000002","661.0","35.65625"
"159.01458300000002","855.4","42.63125"
"179.12731375","983.5","47.334375"
"165.77448975000001","900.3","44.834374999999994"
"130.82040375","690.5","38.178125"
"101.40911100000001","524.2","33.181250000000006"
"94.07043975","483.1","31.596875"
"13.54191975","65.7","17.353125000000002"
"10.515843750000002","50.3","13.671875"
"20.669079","99.8","16.11875"
"45.453753750000004","223.5","20.784375"
"52.951723750000006","261.7","22.078125"
"88.32835175000001","448.1","28.603125"
"106.22804575","545.9","31.759375"
"106.92308375","549.5","31.771875"
"135.27403099999998","711.8","37.443749999999994"
"106.56669375","548.5","32.140625"
"90.70442775000001","461.7","29.428125"
"52.270460000000014","259.6","23.3125"
"14.147133750000002","68.5","16.840625"
"5.214448","24.8","12.175"
"39.71043375","194.1","19.265625"
"80.97732775","407.9","26.846874999999997"
"119.123455","619.0","34.44375"
"126.40404700000002","662.2","36.39375"
"146.63854375","782.5","40.753125"
"136.809671","725.8","39.381249999999994"
"163.47576375000003","890.5","45.528125"
"145.49110000000002","782.0","42.4375"
"130.866759","696.6","40.16875"
"99.56756975","517.9","34.684375"
"57.754967750000006","291.1","26.996875"
"18.154583","88.6","18.868750000000002"
"24.367443749999996","117.5","15.771875"
"41.41884375","202.5","19.328125"
"48.82811375","240.5","21.215625"
"61.68384975000001","307.7","24.415625"
"65.36982375000001","328.1","25.953125"
"80.55161775","410.7","29.834375"
"74.80565999999999","380.4","29.1875"
"63.90117375","321.9","26.859375"
"74.42173174999999","376.9","28.178124999999998"
"37.17998300000001","183.8","22.143749999999997"
"27.033975749999996","132.7","20.346874999999997"
"13.700163750000002","66.5","17.478125"
"7.1428417500000005","34.1","13.165625"
"21.258207000000002","102.6","16.00625"
"77.97603375000001","391.5","26.034375"
"110.242983","567.4","32.13125"
"122.83604775","638.3","34.446875"
"160.617975","861.8","42.03125"
"148.84750375000002","791.9","40.046875"
"132.45216775","696.1","37.153125"
"119.56099100000002","622.6","34.95625"
"88.48705775","450.7","29.584375"
"51.336271","254.6","22.95625"
"17.123867999999998","82.8","16.4875"
"8.588636000000001","40.4","9.2625"
"45.06008575","217.9","16.509375"
"88.49740800000001","444.8","26.3"
"127.26512375000003","664.7","35.671875"
"157.17305175","847.1","43.071875000000006"
"176.23564175","970.1","47.915625000000006"
"183.82280175","1022.9","50.365624999999994"
"179.42594175","998.1","50.290625000000006"
"163.71765375","900.5","47.740625"
"137.44094175","738.9","42.490624999999994"
"101.11596700000001","528.2","35.70625"
"59.015271","298.2","27.61875"
"19.049148","93.2","19.512500000000003"
"11.59648375","55.1","11.921875"
"30.765888000000007","148.8","16.55"
"57.15958","283.6","23.0625"
"81.03059775","413.1","29.809375"
"116.72672700000001","618.6","39.13125"
"137.53122375","747.3","44.953125"
"130.31118375000003","707.3","44.703125"
"134.10792975","732.3","46.084374999999994"
"108.06081375000001","579.5","41.909375"
"80.48344","421.6","36.375"
"46.774023750000005","238.5","29.853125"
"25.753436","129.2","25.8375"
"10.783863","53.4","22.568749999999998"
"7.204575","35.0","17.69375"
"18.11581975","88.9","20.278125"
"51.978023750000006","262.3","27.296875"
"78.32921200000001","405.2","33.3625"
"88.11553575","462.3","36.746875"
"78.38957575","411.1","36.646875"
"77.931847","410.2","37.51875"
"115.72465575","630.3","45.496875"
"106.28272375000002","570.5","42.128125"
"65.47741500000001","337.0","32.13125"
"37.736031","188.6","24.89375"
"8.07605175","39.3","18.128124999999997"
"4.904181750000001","23.7","16.340625"
"13.61382","66.0","17.1625"
"19.29259575","93.7","17.628125"
"15.647015","75.8","16.96875"
"37.455040000000004","184.0","20.55"
"59.46535575","296.7","24.471874999999997"
"76.62246375000001","387.3","27.703125"
"101.05647599999999","520.4","32.2625"
"96.07338375","494.3","32.046875"
"79.90536575","406.7","29.409374999999997"
"53.489359","267.4","24.95625"
"34.85143575","171.9","21.571875"
"11.711023999999998","56.8","17.275"
"6.124505750000001","29.3","13.715625000000001"
"9.850579749999998","47.3","14.678125"
"17.02807575","82.3","16.371875"
"24.303847750000003","118.3","18.196875"
"50.670333750000005","251.5","23.159375"
"95.49912375000001","490.5","31.628125"
"107.94941175000001","560.9","34.428124999999994"
"77.10369975","392.7","29.571875"
"82.59083100000001","422.6","30.70625"
"57.6839","290.0","26.3625"
"37.08205575","183.9","22.946875"
"17.356864","84.8","19.15"
"8.80781175","42.3","14.721875"
"41.20433575","203.3","21.653125000000003"
"82.97292575000002","424.3","30.559375000000003"
"122.38558375","648.1","38.953125"
"152.17874375000002","830.5","45.953125"
"170.24184000000002","948.0","50.525"
"177.99481500000002","1001.8","52.90625"
"173.95686","978.0","52.6625"
"158.368399","879.8","49.99375"
"132.87020175","722.7","45.184375"
"98.158015","518.6","38.40625"
"57.763196","295.6","30.7375"
"19.37351975","96.1","23.003125"
"12.846064","61.6","14.325000000000001"
"38.34100975","187.7","19.665625"
"71.43564375","360.9","27.578125"
"90.594359","468.2","33.13125"
"115.57094300000001","614.2","39.79375"
"120.9455","650.0","42.4125"
"121.11458975000002","654.7","43.759375000000006"
"128.92929775000002","705.1","46.434375"
"119.43922375000002","649.7","45.203125"
"101.93703975000001","547.1","42.096875"
"86.745399","460.2","39.38125"
"54.069872000000004","279.2","32.925"
"19.168143000000004","95.8","24.893749999999997"
"9.622767000000001","46.2","14.643749999999999"
"40.401431","199.4","21.73125"
"77.486172","395.6","30.1625"
"97.90861500000001","513.0","36.43125"
"112.17547575","599.3","41.028125"
"130.722428","713.2","45.8875"
"120.309084","652.4","44.4875"
"113.86436375000001","613.7","43.078125"
"98.36792","522.4","39.625"
"83.05747575000001","435.9","36.821875"
"66.86196175","346.7","33.934375"
"39.40952575","200.3","29.059375000000003"
"17.651495750000002","88.1","24.553125"
"11.226863750000001","54.5","17.503125"
"39.439143","196.2","23.731250000000003"
"74.07647974999999","380.9","31.903125"
"103.844215","551.0","39.41875"
"125.617479","683.8","45.36875"
"148.28590975","826.9","50.840625"
"154.82517375","873.3","53.390625"
"162.351375","925.0","55.60625"
"133.10985974999997","739.9","50.121875"
"101.630759","549.4","43.76875"
"69.370368","364.8","37.3"
"45.280444","233.2","32.2875"
"16.093744","80.8","26.025"
"11.977881750000003","58.7","19.934375000000003"
"20.041837750000003","98.9","21.690625"
"36.616795749999994","183.1","25.021875"
"22.074780000000004","109.2","22.3125"
"36.04572400000001","180.4","25.2375"
"27.231295000000006","135.8","24.34375"
"71.075487","368.2","33.70625"
"108.38032975","581.9","42.184375"
"64.495823","334.6","34.056250000000006"
"70.209695","366.2","35.34375"
"43.352988","221.2","30.012500000000003"
"11.398391000000002","56.6","23.26875"
"7.267740000000002","35.6","19.8125"
"27.720060000000004","138.0","23.9125"
"49.00778775","248.9","28.878125"
"45.821869750000005","233.3","29.490625"
"77.95695375","406.9","35.515625"
"104.35060575","553.9","39.509375"
"121.140572","648.4","41.4625"
"97.21898374999999","508.9","36.203125"
"79.763964","411.6","32.7625"
"58.207536","295.2","28.525"
"20.849139750000003","103.1","22.221875"
"12.218179750000001","60.1","20.878125"
"6.721387750000001","32.9","19.628125"
"7.85638575","37.9","15.884374999999999"
"28.739343","140.6","19.49375"
"66.58639600000001","335.6","26.9875"
"112.25499375","588.3","36.484375"
"133.93868775","716.7","41.396875"
"173.53189500000002","964.2","50.03125"
"179.754535","1007.0","51.86875"
"173.45751175000004","969.7","51.403125"
"159.03138775000002","879.1","48.871875"
"126.34538175","681.3","43.190625"
"97.49325375","513.9","37.859375"
"58.38118","298.0","30.1125"
"20.405535000000004","101.0","22.45625"
"8.917173750000002","43.5","18.759375"
"30.72945975","152.9","23.778125"
"43.467776","217.6","25.3"
"63.67635975000001","323.3","28.803125"
"47.962432","241.6","26.85"
"61.779374999999995","315.0","29.84375"
"64.48138575","329.1","30.084375"
"49.634288000000005","250.4","27.224999999999998"
"64.451376","328.8","29.975"
"33.09782","165.2","24.5625"
"29.806140000000006","148.4","23.9375"
"19.623708","97.2","22.637500000000003"
"8.924979749999999","43.9","20.871875"
"11.78450375","57.7","19.703125"
"38.193723750000004","191.1","25.171875"
"76.576188","397.2","34.0125"
"114.11410800000002","617.2","43.8875"
"137.32938375","763.1","50.046875"
"157.10774375","894.5","55.453125"
"165.67653375","955.5","58.259375"
"162.67724375000003","938.5","58.328125"
"148.60574400000002","845.6","55.325"
"124.43835975000002","692.7","50.446875000000006"
"87.70593975000001","472.7","43.071875"
"49.05540575","255.7","35.190625"
"20.227021750000002","102.7","28.809375000000003"
"7.37208","36.0","19.025"
"11.220873749999999","54.9","19.515625"
"17.698705750000002","86.9","20.415625"
"18.331733749999998","89.9","20.109375"
"22.03416","108.0","19.975"
"32.605815","160.6","21.21875"
"41.727663","206.2","22.04375"
"44.481659750000006","220.1","22.378125"
"43.758615","216.6","22.46875"
"40.136415750000005","198.3","21.996875000000003"
"36.722247749999994","180.9","21.253125"
"15.23403375","74.1","18.015625"
"7.356028000000001","35.6","16.7125"
"11.44486575","54.9","14.415624999999999"
"38.74259200000001","190.4","20.65"
"64.280112","322.4","25.775"
"109.53758975","569.3","34.490624999999994"
"143.29477500000002","767.0","41.46875"
"164.46948575","898.9","46.290625"
"169.709808","933.6","47.775000000000006"
"172.44600699999998","951.4","48.43125"
"155.613327","844.6","44.69375"
"122.64350374999998","646.3","37.796875"
"93.24453500000001","479.0","31.66875"
"55.034559","275.4","25.20625"
"20.857980000000005","102.0","19.3875"
"11.30098375","54.5","15.803125"
"32.05978975","157.1","19.909375"
"57.96564375","290.5","25.578125"
"71.500767","363.4","29.05625"
"90.24792375000001","466.5","33.178125"
"108.20228375","568.7","37.171875"
"85.973335","445.4","33.71875"
"91.15720175","475.7","35.465625"
"59.530288","303.2","29.575000000000003"
"40.92903100000001","205.4","25.91875"
"24.54518","122.0","23.5125"
"15.24956775","75.3","21.853125"
"5.590559000000001","27.4","19.95625"
"4.480663000000001","21.8","18.081249999999997"
"7.187775","35.0","18.29375"
"22.355879750000003","110.3","21.646874999999998"
"15.980559","78.6","20.85625"
"41.699836000000005","209.2","25.8375"
"62.113237749999996","314.9","28.440625"
"37.892891999999996","188.4","23.5875"
"27.213312000000002","134.4","21.9"
"30.90991575","152.7","21.971874999999997"
"40.572855","201.0","22.68125"
"10.141596000000002","49.2","17.337500000000002"
"12.161375","59.0","17.34375"
"8.33212575","40.3","16.559375"
"8.95628775","43.1","15.246875000000001"
"27.253695","133.0","18.85625"
"60.35734775","301.7","24.928125"
"79.63173375","403.5","28.309375"
"98.70223575","508.1","32.178125"
"96.392455","495.4","31.78125"
"111.774208","582.4","35.099999999999994"
"92.63677775000001","476.3","31.884375"
"86.62375575","443.9","31.071875"
"81.82530575","418.1","30.365625"
"52.62774","263.6","25.4375"
"39.84396375","197.7","23.078125"
"21.056169750000002","102.9","19.215625"
"4.534727000000001","21.8","14.981250000000001"
"14.464695000000003","69.4","14.46875"
"35.724096","174.4","18.95"
"59.377599999999994","296.0","24.25"
"89.98403900000001","461.8","31.43125"
"104.55225974999999","546.3","35.771874999999994"
"130.93302300000002","702.6","42.056250000000006"
"130.69003375","704.5","43.115625"
"123.301495","661.4","41.96875"
"103.30077975","544.9","38.028125"
"80.60879775000001","417.3","33.540625"
"81.312495","420.6","33.34375"
"46.17291575","232.7","26.971874999999997"
"20.14612975","99.7","22.415625000000002"
"11.99012375","58.3","17.921875"
"43.685019999999994","218.0","24.5125"
"83.36094375","430.5","32.953125"
"119.22563100000002","636.6","40.89375"
"146.45564775","803.3","47.103125"
"149.85555200000005","827.2","48.55"
"142.40940175","781.9","47.334374999999994"
"154.42616","858.4","50.125"
"133.82607175","731.3","46.253125"
"118.81791900000002","640.2","43.00625"
"96.92262000000001","511.6","38.1875"
"52.72523975","268.9","29.903125"
"19.243324","95.6","23.3875"
"14.145663","68.6","17.24375"
"38.92007775000001","192.3","22.009375"
"75.18282299999998","383.4","29.881249999999998"
"110.48118300000002","582.2","37.79375"
"138.02257975","748.1","44.378125"
"161.32727774999998","896.3","50.009375"
"155.55282575","862.9","49.665625"
"148.45511175000001","819.3","48.503125"
"148.118512","816.8","48.325"
"124.54185500000001","672.2","43.40625"
"93.31580400000001","490.8","37.3375"
"53.84077775000001","274.1","29.465625"
"20.62393575","102.3","22.996875"
"8.35255575","40.7","18.471875"
"15.659263750000001","76.7","19.796875"
"32.65788175","162.1","23.165625000000002"
"65.18153775","331.7","29.365625"
"106.25764575000001","559.7","37.690625"
"129.44501575","696.1","42.553125"
"152.978012","840.4","47.4625"
"156.939696","866.4","48.575"
"147.13676775000002","807.9","47.346875"
"97.59936375000001","514.5","37.878125"
"39.739873749999994","201.1","27.984375"
"27.486976","137.6","25.3"
"15.667440000000001","77.6","22.625"
"4.452759","21.8","19.68125"
"7.991129750000001","38.9","18.215625"
"23.543863","116.2","21.731250000000003"
"47.26894575000001","237.9","26.634375"
"52.699248","266.4","27.724999999999998"
"81.970287","424.2","33.45625"
"58.506015","297.4","29.09375"
"65.12397975","332.1","29.878125"
"45.897471","230.6","26.20625"
"53.04672775000001","267.1","26.746875"
"44.49816175","221.9","24.334374999999998"
"24.295344","119.2","20.225"
"9.560255999999999","46.4","17.45"
"14.887612","72.4","17.9625"
"39.974391000000004","197.8","22.38125"
"36.25028775","179.1","21.996875"
"26.200496","128.8","20.725"
"49.339136","246.4","24.7"
"64.21803375","323.7","27.015625"
"68.01568","344.0","27.85"
"93.058368","478.4","31.849999999999998"
"81.42334375","414.5","29.453125"
"37.21952000000001","184.0","22.15"
"22.7943","111.6","19.6875"
"13.810944000000003","67.2","18.1"
"10.913247750000002","52.7","16.146875"
"35.75739175","175.9","20.896875"
"61.778161749999995","310.9","26.615624999999998"
"99.96112699999999","519.4","34.43125"
"122.17715774999999","649.3","39.790625"
"142.81586375","774.5","44.503125"
"155.387687","855.4","47.93125"
"154.39764375000001","850.5","48.078125"
"132.79643775","718.1","43.840625"
"108.30614000000001","573.2","38.8125"
"62.66197575000001","320.1","30.303125"
"36.54844975","182.9","25.215625"
"14.774275750000001","72.7","20.971875"
"12.689703","61.8","18.331249999999997"
"32.37939775","160.3","22.509375"
"37.70448375000001","187.9","24.171875"
"54.24600375000001","274.5","27.978125"
"62.052039","317.8","30.93125"
"31.199433750000004","156.3","25.484375"
"26.016463000000005","129.8","24.456249999999997"
"15.34192975","75.7","21.665625000000002"
"17.260668000000003","85.2","21.762500000000003"
"21.40246","106.0","22.6125"
"10.953153750000002","53.9","20.984375"
"12.73264575","62.7","21.159375"
"5.787068","28.4","20.287499999999998"
"10.805375","53.0","20.15625"
"25.874581750000004","128.3","22.909374999999997"
"57.975197750000014","294.1","28.590625"
"93.208935","485.4","34.96875"
"115.89403375","615.5","39.634375"
"133.07413975","717.7","43.228125000000006"
"148.287415","812.2","46.78125"
"137.18673174999998","746.3","45.221875"
"96.808471","509.8","37.63125"
"90.546119","474.2","36.31875"
"54.57642975","278.1","29.690625"
"20.157735000000006","100.2","23.53125"
"10.42049775","50.7","18.084375"
"43.792335","219.0","25.04375"
"82.040764","424.4","33.3625"
"118.79999600000001","635.6","41.3625"
"146.60163900000003","804.2","47.13125"
"160.53052175000005","891.7","49.965625"
"143.706736","786.4","46.575"
"150.093279","825.8","47.80625"
"152.79864375","843.9","48.671875"
"129.56880375","701.5","44.121875"
"96.21558","507.6","38.0625"
"60.08577375","308.5","31.540625"
"22.861127000000003","114.2","24.76875"
"4.6971750000000005","23.0","19.71875"
"14.51571975","70.3","16.896874999999998"
"34.34404800000001","168.8","20.675"
"64.3687","326.0","28.1875"
"97.869744","514.4","37.175"
"127.74114375","695.9","45.546875"
"143.775751","800.6","50.51875"
"153.9639","870.0","53.7875"
"152.50681600000001","862.4","53.95"
"129.61184774999998","718.3","49.446875"
"101.816535","551.0","44.01875"
"72.411895","383.0","38.66875"
"37.529815","193.0","31.93125"
"20.320476000000003","102.8","27.912499999999998"
"5.34816375","26.5","22.728125"
"13.206375000000001","65.0","21.03125"
"42.44907975000001","214.3","27.396875"
"79.78233374999999","417.9","36.359375"
"114.950704","624.8","45.025"
"140.25966775","784.9","51.628125"
"159.697372","912.4","56.2125"
"164.88723900000002","948.2","57.63125"
"162.207967","931.4","57.30625"
"141.74728575","798.7","53.159375"
"116.510256","640.8","47.724999999999994"
"88.45963900000001","474.2","41.81875"
"56.772800000000004","296.0","35.25"
"23.182391000000003","117.4","28.16875"
"5.567196000000001","27.6","22.8625"
"13.957020000000004","68.4","19.9375"
"36.126000000000005","180.0","24.125"
"64.64162800000001","330.8","30.737499999999997"
"93.67527900000002","492.6","37.29375"
"106.23327975","568.1","41.253125"
"116.363676","630.8","44.412499999999994"
"130.56402375000002","718.5","47.853125"
"134.42034375","742.5","48.703125"
"137.331712","761.6","49.6"
"121.93125500000001","666.2","46.21875"
"81.98411100000001","433.4","38.54375"
"52.18916800000001","269.6","33.025000000000006"
"23.148903750000002","116.7","27.046875"
"5.205279","25.8","22.80625"
"10.46949575","51.1","18.896875"
"43.361343749999996","217.5","25.796875"
"79.77178575","414.9","34.665625"
"111.32625975","599.1","42.721875"
"139.98201375000002","777.3","49.890625"
"160.90456","916.0","55.425"
"161.08633200000003","919.6","56.0375"
"154.67975775","878.7","54.959375"
"115.12017975","629.7","46.478125000000006"
"68.681135","360.2","36.65625"
"62.6688","326.4","35.0"
"34.21728","174.4","29.75"
"14.982848","75.2","25.950000000000003"
"13.697788","67.6","21.712500000000002"
"39.72381500000001","200.6","27.46875"
"70.24250175","365.1","34.509375000000006"
"102.39005500000002","548.2","41.53125"
"129.32425775","709.9","47.284375"
"127.29539899999999","698.6","47.23125"
"76.57943900000001","403.4","37.70625"
"65.008335","339.0","35.29375"
"49.648629750000005","255.7","32.290625"
"42.33938775","216.7","30.771875"
"17.001660000000005","85.2","25.5625"
"24.37964375","122.5","26.228125"
"10.0455","50.0","23.8625"
"6.12431175","30.3","22.346874999999997"
"24.73281975","124.1","25.878125"
"30.299115750000002","152.7","26.971874999999997"
"27.44150575","138.1","26.615625"
"43.693308","222.8","29.862499999999997"
"75.73222","396.4","36.1875"
"63.879007","331.4","34.05625"
"60.673591","314.2","33.61875"
"73.731132","385.2","35.7375"
"61.09105375","315.5","32.959375"
"41.288535","210.2","29.46875"
"29.686615000000003","149.8","27.28125"
"12.497535000000003","62.2","23.84375"
"12.021087750000001","59.1","20.746875"
"34.672231000000004","173.8","25.63125"
"66.01335975","339.3","31.803125"
"89.25081200000001","467.6","36.4125"
"96.60108400000001","508.4","37.4875"
"110.149911","586.2","40.118750000000006"
"110.94274800000001","591.6","40.587500000000006"
"119.71960000000001","644.0","42.625"
"105.74643200000001","563.2","40.3"
"121.12132375000002","653.5","43.321875"
"80.835132","422.8","36.0125"
"55.637303","285.4","31.318749999999998"
"24.63503175","123.3","25.253124999999997"
"5.802813749999999","28.5","20.490625"
"13.178880000000001","64.0","17.6"
"41.00633775000001","203.7","23.365625"
"81.27291975","419.1","32.596875"
"117.70335175","628.9","41.053124999999994"
"146.990151","810.6","48.33125"
"166.55768975","940.3","53.584374999999994"
"173.62531375000003","987.7","55.265625"
"166.54387975","940.7","53.696875000000006"
"156.17533500000002","873.0","51.38125"
"131.70662775","720.9","46.628125"
"90.70674800000002","479.6","38.587500000000006"
"60.40979775","311.7","32.740625"
"24.49734975","122.9","25.840625"
"6.560028000000001","32.4","21.912499999999998"
"9.972348000000002","49.2","21.637500000000003"
"23.757359","118.6","24.60625"
"28.352207750000005","142.3","25.946875"
"34.13388375","172.1","27.078125"
"42.72441975","216.9","28.778125"
"30.133532","151.6","26.5375"
"42.949071","217.8","28.50625"
"36.67260375000001","184.9","27.078125"
"26.266044","131.6","25.5125"
"21.573795750000002","107.9","25.071875"
"18.555063750000006","92.7","24.796875"
"7.815484","38.8","23.2125"
"6.12431175","30.3","22.346874999999997"
"14.18471775","70.7","24.209375"
"23.88038375","120.1","26.453125"
"35.80486","182.0","29.0875"
"49.58153200000001","254.8","31.762500000000003"
"62.883735","327.0","34.61875"
"59.567313750000004","309.3","34.265625"
"68.69553375","358.7","35.609375"
"49.54233375","254.7","31.859375"
"27.583775000000003","139.4","27.65625"
"17.351105750000002","86.9","25.415625"
"7.9831737500000015","39.7","23.640625"
"12.051489750000002","59.7","22.665625000000002"
"31.7312","160.0","27.1"
"71.29929375","372.5","35.740625"
"104.635751","565.4","43.66875"
"131.75846775","731.9","49.971875"
"125.17192699999998","693.8","49.48125"
"75.37042975","399.7","39.290625"
"52.82537975","274.3","34.271875"
"60.501360000000005","316.0","35.675"
"79.03265775","419.7","39.615625"
"62.81561200000001","330.8","37.6375"
"40.756863","211.4","34.00625"
"15.40778375","78.5","29.653125"
"4.73321575","23.9","27.446875"
"6.718910999999999","33.4","23.54375"
"27.069675750000002","136.7","27.471874999999997"
"54.6444","282.4","33.125"
"80.24472000000002","424.8","38.875"
"130.14777600000002","721.6","49.55"
"146.52749375000002","827.5","53.659375"
"155.54208000000003","888.0","56.05"
"139.33273500000004","784.2","52.90625"
"137.120207","771.4","52.80625"
"103.47660375000001","565.5","46.271875"
"86.89256575","469.1","43.459375"
"59.399575000000006","313.0","37.78125"
"21.98559375","112.5","30.715625"
"4.75233575","23.9","26.446875"
"10.109527000000002","50.2","23.26875"
"42.600591","217.8","30.50625"
"77.19517575","408.1","38.553125"
"112.78536774999999","619.3","47.353125"
"138.234876","783.6","54.4875"
"155.08902975","896.3","58.709374999999994"
"163.103744","953.6","61.2"
"160.371196","935.6","60.7375"
"143.16900975000001","820.3","56.834374999999994"
"125.21538375000002","704.1","52.703125"
"95.84057375","524.5","46.590625"
"59.200679750000006","313.7","39.103125"
"22.066076000000002","113.2","31.337500000000002"
"5.3527640000000005","26.8","25.3375"
"10.216575","51.0","24.59375"
"33.21745175","168.7","28.871875000000003"
"75.9759","400.4","37.8125"
"109.736799","598.2","45.69375"
"129.623055","723.0","50.89375"
"155.257532","890.8","57.1375"
"164.39858575000002","954.1","59.615625"
"143.84799600000002","819.6","55.6125"
"137.451447","779.8","54.66875"
"109.39485375","604.5","48.790625"
"77.43480000000001","415.2","41.875"
"55.74542175","293.1","37.259375000000006"
"23.3519","119.6","30.9375"
"4.575735000000001","23.0","26.31875"
"10.801083750000002","53.7","23.578125"
"39.949895000000005","203.8","29.96875"
"76.147895","401.0","37.63125"
"109.39083975","595.3","45.303124999999994"
"131.67704700000002","735.4","51.18125"
"150.39801500000002","859.0","56.14375"
"150.49851375","861.9","56.734375"
"147.73250800000002","845.2","56.5125"
"122.82960374999999","685.5","51.021875"
"93.86282975","510.7","45.259375"
"81.01766","436.4","42.9375"
"46.090908000000006","241.2","36.1375"
"21.67428375","111.3","31.578125"
"5.825463","29.4","27.318749999999998"
"11.098085750000001","55.7","25.940625"
"40.635143750000005","209.5","32.546875"
"75.67582300000001","403.4","40.506249999999994"
"107.468336","591.2","47.775000000000006"
"133.79750375000003","758.5","54.503125"
"151.58118400000004","876.8","58.9"
"154.697724","900.4","60.2375"
"154.93894375","902.5","60.403125"
"139.882652","803.6","57.412499999999994"
"117.80325500000001","663.4","53.03125"
"79.21119600000002","430.8","45.1625"
"50.415296","267.2","39.15"
"19.985712000000003","103.2","32.925"
"5.277724","26.8","28.8375"
"9.704695000000001","49.0","27.43125"
"34.77857375","179.5","32.809375"
"75.09116975000002","402.1","41.565625"
"105.437696","582.4","48.7"
"133.327743","758.6","55.306250000000006"
"151.28565375","878.1","59.640625"
"159.47302","935.6","61.9375"
"128.83693499999998","733.8","55.53125"
"122.49784000000001","692.0","53.725"
"108.140935","601.0","50.08125"
"79.33398000000001","426.0","42.2125"
"33.161615","171.4","33.15625"
"11.72105375","59.5","28.759375"
"7.995877750000002","39.7","23.240625"
"12.891039000000003","64.2","24.00625"
"20.375103","102.2","25.793750000000003"
"13.073549750000002","65.3","24.740624999999998"
"27.58109575","139.1","27.146875"
"26.840475750000003","135.3","27.028125000000003"
"31.460535","159.0","27.66875"
"42.77814","218.0","29.7125"
"32.686128","165.6","28.275000000000002"
"15.123913750000002","75.7","25.265625"
"11.53523975","57.7","25.103125000000002"
"6.460447000000001","32.2","24.20625"
"4.1808","20.8","23.75"
"9.737595999999998","48.4","23.5125"
"23.830773750000002","119.7","26.140625"
"35.51630775","179.9","28.221875"
"70.04840700000001","364.2","34.58125"
"92.97942375","492.9","39.203125"
"82.30927575000001","432.7","37.221875"
"122.83469975000001","669.7","45.728125000000006"
"121.74054375000001","667.3","46.953125"
"84.46464","451.2","41.0"
"67.81991975000001","358.3","38.396875"
"58.733760000000004","308.8","37.25"
"32.921375749999996","169.7","32.503125"
"14.187487750000003","71.9","28.346875"
"5.099520000000001","25.6","26.0"
"11.202240000000002","56.0","24.95"
"34.415487","175.8","30.293750000000003"
"61.81272","324.0","36.525"
"85.328295","458.2","42.21875"
"115.00152","636.0","48.975"
"119.574351","665.8","50.506249999999994"
"87.28996375","472.7","44.171875"
"60.625293750000004","321.3","39.140625"
"43.717415","228.2","35.53125"
"45.724111","238.6","35.45625"
"28.758297749999997","147.7","31.615625"
"15.38003775","78.1","28.840625"
"12.05804775","60.9","27.503125"
"5.67969375","28.5","25.890625"
"9.055523749999999","45.5","26.221875"
"13.423383000000001","67.8","27.518749999999997"
"26.435033750000002","135.5","31.134375"
"55.93350000000001","294.0","37.1875"
"78.36632","418.4","40.875"
"92.86329375","499.5","42.609375"
"69.26943600000001","363.6","36.8625"
"39.44166975","201.9","30.809375"
"24.438255","123.0","26.64375"
"4.7828377500000006","23.7","22.740625"
"21.409984","107.2","25.35"
"31.118265750000006","157.3","27.715625000000003"
"24.193809750000003","122.1","27.315625"
"5.954928000000001","29.6","23.525000000000002"
"14.73546375","73.5","24.396875"
"24.63410775","123.9","26.471875"
"25.34685375","127.7","26.890625"
"45.503419750000006","232.9","30.778125"
"72.681279","380.6","36.29375"
"71.71889175000001","375.3","36.128125"
"62.12097500000001","323.0","34.59375"
"70.033919","366.2","35.94375"
"52.883324","273.2","33.0375"
"47.502543","244.6","32.24375"
"32.064799","163.4","29.70625"
"15.537167","78.2","26.64375"
"5.303643750000001","26.5","24.828125"
"9.139243749999999","45.5","23.921875"
"22.922479000000003","115.4","26.70625"
"47.901903","246.2","31.793750000000003"
"62.14292699999999","323.4","34.80625"
"90.041372","480.4","40.7125"
"105.22755900000003","570.2","44.31875"
"128.59532399999998","712.4","49.3625"
"144.99770775","816.9","53.128125"
"147.44199375","832.5","53.615625"
"125.75609175","696.7","49.371875"
"75.94844775000001","403.3","39.603125"
"43.368127","224.2","33.20625"
"22.99019175","116.7","28.746875000000003"
"5.736159000000001","28.6","24.29375"
"10.177776","50.4","22.575"
"34.640375","175.0","27.56875"
"67.925247","353.4","34.74375"
"103.998268","558.8","42.3625"
"129.90048775","716.9","48.503125"
"147.79418175","833.9","53.459374999999994"
"157.12576575","897.9","56.259375"
"155.77146375","889.5","56.096875"
"143.91140174999998","813.3","53.815625"
"111.269436","610.8","47.287499999999994"
"81.647271","437.4","41.66875"
"49.77604975","259.7","35.415625"
"25.771228","131.6","30.212500000000002"
"7.023104000000001","35.2","25.6"
"9.782003750000001","48.7","23.921875"
"33.402207","169.8","29.106250000000003"
"65.90460975000002","345.1","36.284375"
"80.094855","427.8","40.96875"
"108.98596575","600.3","48.059375"
"131.37903599999999","742.8","53.912499999999994"
"134.02773375","761.9","55.109375"
"141.21573975","808.9","56.778125"
"138.86072375","794.5","56.528125"
"115.7328","648.0","51.75"
"92.384572","506.8","47.1375"
"57.74047899999999","307.4","40.20625"
"23.97912","124.0","33.275"
"5.288444","26.8","28.3375"
"10.15187775","50.9","25.690625"
"36.29274375","185.7","30.703125"
"64.19999374999999","336.5","36.515625"
"70.716359","373.4","38.26875"
"70.91994975","375.7","39.040625"
"62.78361375","331.5","38.259375"
"73.01616375","388.1","39.828125"
"68.86039575000001","365.7","39.628125"
"60.87556800000001","322.4","38.974999999999994"
"88.82704375","482.5","44.878125"
"75.54981500000001","405.8","42.28125"
"52.50282975000001","277.1","38.159375"
"21.87985975","112.7","32.321875"
"5.087631","25.8","28.506249999999998"
"10.196613750000001","51.5","27.509375"
"37.462989750000006","193.3","32.740625"
"70.053372","373.2","40.3625"
"101.11416","556.0","47.675"
"123.49947775000001","694.1","52.590625"
"141.66308775000005","809.7","56.303125"
"145.71033575","835.1","56.896875"
"149.70295375","860.3","57.484375"
"139.15726975","790.7","55.009375000000006"
"110.047836","610.8","49.787499999999994"
"86.32964575000001","469.1","44.959375"
"57.840335","307.0","39.49375"
"24.589083750000004","127.1","33.171875"
"5.462839000000001","27.8","29.36875"
"9.775255000000001","49.0","25.63125"
"37.655583750000005","193.5","31.746875"
"71.891031","381.8","39.63125"
"96.06489200000001","523.6","45.6625"
"128.02777575000002","721.7","53.253125"
"140.31471575","803.9","56.821875"
"143.23113375","823.7","57.640625"
"139.41190775","799.3","56.978125"
"106.46310175","591.7","50.090625"
"113.813952","638.4","52.150000000000006"
"93.37861575000002","515.1","48.396874999999994"
"52.42971375","278.9","40.015625"
"24.01254375","124.7","34.296875"
"4.722240000000001","24.0","29.05"
"8.72344","44.0","27.175"
"29.631132","152.4","31.9625"
"59.12672700000001","312.6","38.56875"
"72.30205975000001","388.1","42.128125"
"92.99858775","509.7","46.928125"
"117.32144775000002","659.1","52.496875"
"144.32352","830.4","57.75"
"132.498588","756.4","56.037499999999994"
"120.590103","679.4","53.131249999999994"
"116.73688775000002","652.9","51.503125"
"85.06460575000001","463.7","45.690625"
"44.088167000000006","232.6","38.06875"
"21.618207","111.8","33.29375"
"4.30318575","21.9","29.384375"
"6.3986230000000015","32.2","26.606250000000003"
"10.476079","52.6","26.04375"
"28.89080775","147.1","29.496875"
"73.06073775000002","386.1","38.465625"
"116.70033375000001","643.5","48.309375"
"132.50958974999998","744.3","52.459374999999994"
"142.48960000000002","809.6","55.0"
"153.03250375000002","878.5","57.253125"
"138.86233199999998","784.4","53.7125"
"110.17686","606.0","47.7375"
"84.44422300000002","454.6","42.806250000000006"
"49.909917750000005","261.1","36.059375"
"20.06514375","102.5","30.303125"
"4.33647375","21.9","27.484375"
"9.037323749999999","45.5","26.721875"
"28.561051750000008","146.3","30.971874999999997"
"47.973123750000006","250.3","35.421875"
"69.678359","370.6","39.98125"
"102.23294400000002","559.2","46.475"
"125.810716","703.6","51.4875"
"138.97177175000002","787.9","54.521874999999994"
"134.88540175","762.7","53.934375"
"129.13055599999998","726.8","52.912499999999994"
"95.447356","521.2","46.087500000000006"
"82.21956375","444.1","43.578125"
"50.88248","268.0","37.675"
"18.11283775","93.1","31.809375"
"4.688719000000001","23.8","28.74375"
"8.138295000000001","41.0","26.88125"
"31.702044000000004","162.8","31.5875"
"61.356288000000006","323.2","37.7"
"88.407319","477.4","43.51875"
"102.63243375","562.1","46.765625"
"127.21512975000002","714.1","52.315625"
"136.99595375","776.5","54.465625"
"117.66372575000001","655.7","50.690625"
"129.857052","733.2","53.6125"
"110.19755100000002","612.6","50.14375"
"93.606512","512.8","46.825"
"58.15690575000001","309.3","39.965625"
"24.41663175","126.3","33.346875"
"5.284156","26.8","28.537499999999998"
"8.698023000000001","43.8","26.768749999999997"
"30.66474175","157.1","31.009375000000002"
"55.25846975","289.3","36.240625"
"84.33812700000001","454.2","42.89375"
"124.16770800000002","694.8","51.6125"
"131.05236375","738.5","53.178125"
"153.39927375000002","883.7","58.015625"
"157.89162375000004","913.5","58.946875"
"142.168348","809.2","55.3875"
"105.04157975000003","576.7","47.321875000000006"
"84.84347375000002","457.1","42.984375"
"56.12397975","295.3","37.428125"
"22.631600000000002","116.0","31.125"
"5.312028000000001","26.8","27.237499999999997"
"7.983519","40.2","26.75625"
"29.57877175000001","151.3","30.628124999999997"
"60.75284175","318.9","36.865624999999994"
"91.64171200000001","495.2","43.675"
"113.46380400000001","627.6","49.0125"
"142.26609375","811.5","55.859375"
"134.48784375","762.5","54.528125"
"135.17802375","766.5","54.553125"
"119.79064575000001","669.1","51.209375"
"103.57606400000002","569.6","47.7"
"88.77458175000001","481.3","44.440625"
"56.764224000000006","299.2","37.85"
"21.33399375","109.3","31.015625"
"4.564695","23.0","26.91875"
"8.03551775","40.3","25.759375"
"30.35655975","155.1","30.346875"
"64.838236","341.2","37.4625"
"94.71018174999999","512.3","43.909375"
"123.59979200000002","687.2","50.175"
"142.313472","806.4","54.4"
"153.15761175","876.1","56.478125000000006"
"146.63168","832.0","54.7"
"135.99380975","764.3","52.584374999999994"
"123.156636","682.8","49.537499999999994"
"89.38686375","481.5","42.946875"
"53.700764","281.2","36.2875"
"23.120511","118.2","30.493750000000002"
"5.337756000000001","26.8","26.037499999999998"
"7.6386477500000005","38.3","25.696875"
"29.382273750000003","149.9","29.984375"
"48.902620000000006","254.0","34.3375"
"71.42755375","378.7","39.234375"
"91.46162775","493.7","43.428125"
"135.765084","764.4","52.9875"
"154.84056","890.4","57.625"
"159.88274775000002","927.3","59.478125"
"148.48131375","852.3","57.234375"
"124.23512700000002","696.6","52.06875"
"98.37488700000002","538.2","46.51875"
"63.059103750000006","334.5","39.353125"
"25.747233750000007","132.3","31.734375"
"5.14458175","25.9","26.709374999999998"
"9.431255","47.0","24.16875"
"35.525775","181.0","29.65625"
"70.87568175000001","372.3","37.034375"
"95.27924700000001","511.8","42.29375"
"124.348224","686.4","48.55"
"127.69326299999999","708.6","49.743750000000006"
"157.659367","901.4","56.36875"
"145.802783","825.4","54.193749999999994"
"154.34118","882.0","56.2625"
"129.09772775000002","720.1","50.903125"
"101.33858775","551.3","45.228125"
"62.12509500000001","327.0","37.51875"
"25.856923750000004","132.1","30.328125"
"5.16115775","25.9","25.909375"
"8.083215000000001","40.2","23.65625"
"28.431359999999998","144.0","28.2"
"52.90446975","273.9","33.559375"
"81.640455","434.2","39.96875"
"116.24491200000001","639.2","47.675"
"111.10835975","611.3","47.803124999999994"
"143.73078000000004","818.0","55.3625"
"146.38306575000001","837.3","56.465625"
"137.46780375","781.5","55.121875"
"116.77967100000001","652.2","51.181250000000006"
"97.91612399999998","538.8","47.8375"
"61.12662975000001","326.1","40.690625"
"25.102671000000004","129.8","33.25625"
"4.91270775","24.9","28.378125"
"8.006876","40.4","27.2625"
"35.323575000000005","183.0","33.71875"
"63.983535","341.0","40.45625"
"105.70854","586.0","49.5125"
"122.17670174999999","689.3","53.440625"
"140.23974","807.6","57.9375"
"148.18668399999999","861.2","59.9125"
"115.88505599999999","652.8","53.1"
"112.373415","631.4","52.53125"
"108.53040975","606.9","51.465625"
"68.02454775","367.1","43.371875"
"32.7327","171.6","36.5625"
"14.356689750000001","74.1","32.815625"
"7.019964000000001","35.6","28.5125"
"22.767151750000004","116.9","31.553124999999998"
"44.14529975","231.1","36.221875"
"37.39725575000001","195.1","35.396875"
"78.12764375","419.9","42.421875"
"91.84682575000001","498.7","44.784375"
"92.840604","505.2","45.2875"
"83.80121199999999","453.2","43.8625"
"62.89887600000001","334.8","40.1625"
"72.9183","390.0","41.2875"
"47.19639375","247.5","36.634375"
"16.567775","85.0","31.35625"
"8.41865175","42.3","26.221874999999997"
"32.983808","169.6","31.900000000000002"
"73.078607","390.2","40.89375"
"106.45504","588.8","49.0"
"131.68281199999998","750.8","55.762499999999996"
"149.37608774999998","871.9","60.846875"
"156.50904375","922.5","62.928125"
"148.93784375","871.3","61.328125"
"123.48345775","706.7","56.584375"
"92.18092800000001","513.6","50.650000000000006"
"70.58534175000001","384.3","45.409375"
"39.5535","210.0","39.5625"
"18.397695750000004","95.9","35.196875000000006"
"5.44149375","27.5","27.659375"
"18.912409750000002","97.1","31.534375"
"36.936624","192.8","35.525"
"64.15916175","342.9","41.115624999999994"
"86.25267375","471.5","46.334375"
"98.11110000000001","542.8","49.0625"
"107.54757975","600.9","51.278125"
"83.981564","460.4","46.9875"
"98.41449375","547.5","50.309375"
"64.81358375","350.5","43.853125"
"50.391548","269.2","41.0125"
"33.175292","174.8","37.762499999999996"
"16.682191","86.6","34.20625"
"4.798599000000001","24.6","31.16875"
"11.150295750000002","56.1","26.553125"
"34.07139575","175.1","31.771875"
"63.37385500000001","335.8","39.09375"
"102.21629974999999","562.3","47.771874999999994"
"133.04543999999999","756.8","55.25"
"149.02500375000002","863.1","59.171875"
"155.497463","908.2","60.98125"
"150.01888","872.0","59.95"
"136.324215","783.0","57.36875"
"107.10606375","598.5","51.303125"
"76.21077975000001","413.7","44.728125"
"51.05255575","271.3","39.778125"
"23.87255375","123.7","33.765625"
"5.79800375","29.5","29.321875"
"10.37906575","52.3","26.934375"
"32.989015","170.2","32.71875"
"62.1423","330.0","39.6125"
"93.790479","513.4","46.64375"
"105.76909375","587.5","49.959375"
"133.211935","759.8","55.84375"
"133.91848375","765.5","56.321875"
"129.642527","737.8","55.356249999999996"
"111.014652","621.2","51.612500000000004"
"88.393767","485.4","47.368750000000006"
"74.22535575","402.3","44.371875"
"51.429623750000005","273.5","39.946875"
"24.306751000000002","126.2","34.24375"
"4.3263","22.0","29.1875"
"8.945775","45.0","26.50625"
"35.13928575","181.1","32.459375"
"71.74270399999999","383.2","40.975"
"105.835479","586.2","49.31875"
"133.38546975","761.3","55.990625"
"152.07247575","885.7","60.378125000000004"
"157.92507100000003","926.6","61.95625"
"158.114175","929.4","62.34375"
"146.633111","851.8","59.81875"
"111.82012175","628.3","52.534375"
"93.83535599999999","518.8","48.9125"
"59.782867749999994","320.9","42.128125"
"23.291004","121.2","34.7875"
"4.158229750000001","21.1","28.659375"
"7.251375","36.6","27.34375"
"33.134191","171.4","33.35625"
"71.07251200000002","380.8","41.7"
"101.92441500000001","564.6","49.34375"
"129.14725175","736.9","55.928124999999994"
"141.83733775","821.9","59.284375"
"150.04674300000002","877.8","61.33125"
"148.504095","867.0","60.89375"
"137.06796375000002","791.1","58.421875"
"110.401031","621.4","52.91875"
"86.50617975000002","476.1","47.878125"
"52.503693750000004","280.3","40.859375"
"20.638144","107.2","34.35"
"4.486281750000001","22.9","30.115624999999998"
"7.397159","37.4","27.76875"
"33.426432","172.8","33.2"
"69.66029375","372.5","41.240625"
"103.49564400000001","572.4","48.9875"
"121.85309500000001","689.0","53.93125"
"146.04441575","847.9","59.696875000000006"
"151.64646","887.6","61.4375"
"150.64610775","882.3","61.571875"
"134.034607","771.4","57.806250000000006"
"121.06556375","688.9","55.328125"
"87.26356774999999","481.7","48.553125"
"57.40931375","308.3","42.234375"
"21.663475750000003","112.7","34.721875"
"8.12516175","41.1","27.884375000000002"
"33.402415000000005","172.6","33.09375"
"67.71798575000001","361.1","40.584375"
"97.84137774999999","538.1","47.715625"
"119.464527","673.4","53.243750000000006"
"133.904943","766.2","56.54375"
"151.184967","882.6","60.881249999999994"
"148.078967","861.4","60.118750000000006"
"135.519639","778.2","57.31875"
"122.06319599999999","692.4","54.6375"
"89.93274975","494.7","47.759375"
"54.196208000000006","288.8","40.425"
"22.618428","117.2","33.7625"
"4.32102","22.0","29.4875"
"7.430071000000001","37.4","26.66875"
"34.18677375000001","176.3","32.609375"
"69.17950400000001","368.8","40.525"
"102.88218375","567.9","48.546875"
"128.78808","732.0","55.075"
"147.69630400000003","858.4","59.925"
"157.96726","928.4","62.3125"
"153.985536","902.4","61.7"
"143.15436375000004","829.7","59.328125"
"125.30429174999998","714.3","55.721875"
"93.08680175","514.1","48.665625000000006"
"53.97467775","287.7","40.490625"
"23.292655999999997","120.8","33.975"
"4.120095","21.0","29.75625"
"7.243333750000001","36.5","26.940625"
"34.205724000000004","176.4","32.612500000000004"
"70.96245975000001","378.3","40.521875"
"105.29397575000002","580.7","48.346875"
"132.755487","753.8","54.85625"
"151.050095","877.0","59.70625"
"158.44370775000002","927.1","61.371875"
"156.537351","916.2","61.43125"
"146.603247","849.8","59.356249999999996"
"126.846384","720.8","55.025"
"91.620703","504.2","47.85625"
"41.66588975","220.3","38.584375"
"22.628263000000004","117.4","34.06875"
"3.9584437500000007","20.1","28.828125"
"7.088316000000002","35.6","26.1125"
"35.08691175","180.9","32.553125"
"71.702268","382.8","40.8625"
"105.829632","585.6","49.1"
"133.07640775000002","760.1","56.153125"
"151.882236","886.8","60.9125"
"160.44983775","946.9","63.190625"
"160.21653375000002","945.3","63.140625"
"148.751548","866.8","60.4875"
"125.17822375000002","713.5","55.696875"
"90.87668375","501.7","48.578125"
"44.90822","238.0","39.1375"
"17.13603375","88.5","32.965625"
"7.572959000000001","38.2","27.19375"
"30.659504","157.6","31.825"
"61.216559999999994","324.0","38.825"
"91.919104","502.4","46.3"
"114.45718575000001","641.1","51.834375"
"120.55179375","679.5","53.234375"
"118.77887999999999","668.8","53.0"
"107.79345599999999","602.4","51.325"
"92.77659374999999","512.5","48.715625"
"67.92997575","367.9","44.196875000000006"
"79.71173375000001","434.9","45.890625"
"44.999583750000006","238.5","39.153125"
"20.827959","108.2","34.38125"
"7.421095000000001","37.4","26.96875"
"33.695100000000004","174.0","32.9375"
"67.69329600000002","360.8","40.475"
"99.049055","545.8","48.15625"
"111.21126175","622.1","51.540625000000006"
"144.413703","835.8","59.01875"
"155.32902375000003","910.5","61.753125"
"155.84680375","914.5","61.978125"
"144.957184","841.6","59.7"
"124.304092","707.6","55.412499999999994"
"94.347008","521.6","48.900000000000006"
"54.46918575","290.7","40.784375"
"20.82456","108.0","33.975"
"6.662208000000001","33.6","27.150000000000002"
"33.533455000000004","173.0","32.70625"
"70.08276375","373.7","40.578125"
"104.92136775","579.3","48.603125"
"132.84375575","755.9","55.321875"
"149.95149975","869.7","59.478125"
"151.00466175","878.1","60.040625000000006"
"151.73248375","883.9","60.421875"
"131.192412","749.2","56.112500000000004"
"121.50178799999998","686.8","53.8625"
"93.676527","515.4","47.80625"
"59.154847","315.4","40.55625"
"23.455087000000002","121.4","33.49375"
"6.664896000000001","33.6","27.05"
"33.128991750000004","171.3","33.253125"
"69.59496975","372.3","41.334375"
"104.181616","576.8","49.224999999999994"
"132.37356400000002","755.6","56.0125"
"140.696335","811.0","58.14375"
"159.023932","935.6","62.537499999999994"
"158.466567","931.8","62.418749999999996"
"146.82917375","853.1","59.859375"
"121.64854575000003","689.1","54.334374999999994"
"94.13367900000001","518.6","48.10625"
"58.22838","310.8","40.8125"
"22.324503","115.8","34.01875"
"7.41626575","37.3","26.465625"
"34.253232000000004","176.8","32.825"
"71.61191375","383.5","41.584375"
"106.41129975000001","591.1","49.971875"
"133.720167","765.8","56.731249999999996"
"152.163463","890.6","61.431250000000006"
"160.73495375000002","949.9","63.484375"
"157.665584","930.4","63.175"
"145.33604575","847.7","60.690625000000004"
"122.236375","697.0","55.78125"
"94.84855900000001","526.6","49.85625"
"58.076559749999994","311.9","42.246875"
"22.553328","117.6","35.275"
"6.31487775","31.7","25.990625"
"35.03904","180.8","32.75"
"73.65830000000001","394.0","41.3125"
"109.205079","605.4","49.51875"
"138.492975","795.0","57.24375"
"156.90790375000003","921.7","62.203125"
"155.92226375","918.5","62.803125"
"136.62702975000002","790.7","59.009375"
"120.489495","687.0","55.76875"
"113.10162975","638.1","53.440625"
"76.696832","419.2","46.300000000000004"
"45.22919100000001","240.6","40.01875"
"19.826387750000002","103.1","34.621874999999996"
"4.505052","22.8","28.0125"
"14.163612000000002","72.4","30.4625"
"31.60680175000001","164.3","34.534375"
"50.74102","268.4","38.6875"
"98.26118400000001","542.4","48.55"
"97.88521975","539.9","48.371875"
"86.33109999999999","472.4","46.5625"
"100.74847375","560.5","50.315625"
"88.75744","488.0","47.65"
"92.46562800000001","509.2","48.0125"
"60.80654375","326.5","42.203125"
"38.916175","205.0","37.70625"
"14.71512","76.0","32.975"
"6.074559000000001","30.6","26.85625"
"28.95410175","149.1","32.259375"
"61.64238374999999","326.5","39.003125"
"87.37673175000002","474.3","44.721875"
"124.11758775","698.3","52.821875"
"148.60532375000003","856.7","58.171875"
"161.441231","945.4","61.54375"
"159.878844","934.8","61.2125"
"143.15664375","821.5","57.171875"
"122.50756574999998","689.3","52.840625"
"93.86553600000002","513.6","46.55"
"58.14750375","308.7","39.546875"
"21.576339750000002","111.3","32.678125"
"7.146423000000001","36.2","28.231250000000003"
"30.684615","159.0","33.76875"
"52.26695175","276.9","39.053124999999994"
"83.24847975","455.9","46.746875"
"103.48470375000001","579.3","51.703125"
"104.06880000000001","584.0","52.25"
"130.75296375000002","754.5","58.378125"
"122.61156374999999","703.3","57.078125"
"125.63649500000001","723.4","57.90625"
"89.206815","495.8","50.09375"
"74.24214375000001","406.5","46.703125"
"45.585408","243.2","40.7"
"19.45780375","101.5","35.371875"
"4.13062375","20.9","27.953125"
"17.610375","90.6","32.03125"
"44.494155750000004","234.3","37.621875"
"62.327651749999994","333.7","41.528125"
"95.50519375","527.5","48.684375"
"81.03011175","440.1","44.853125000000006"
"71.19648375","381.5","41.721875"
"65.66496000000001","350.4","40.75"
"76.516608","412.8","43.3"
"59.04687375","314.1","40.015625"
"54.03444375","285.5","38.421875"
"40.44215100000001","211.8","36.31875"
"16.685879000000003","85.4","30.76875"
"12.389895000000001","63.0","29.16875"
"19.230297750000002","98.1","29.965625"
"43.224639","224.2","34.00625"
"69.27232000000001","368.0","39.7"
"42.092895000000006","219.0","34.74375"
"18.82787375","96.5","31.115625"
"33.9328","176.0","34.0"
"54.395247000000005","286.6","37.75625"
"38.11704","197.6","33.875"
"48.803175","255.0","35.76875"
"18.51190575","94.9","31.165625"
"8.310363749999999","42.3","29.421875"
"16.682966999999998","84.2","27.33125"
"18.33258375","92.7","27.796875"
"52.524912","272.8","34.325"
"85.64218175","457.9","41.209374999999994"
"141.704316","795.6","52.3625"
"123.331264","683.2","49.35"
"105.259119","575.8","46.49375"
"58.477383","307.8","37.51875"
"37.89453375","196.5","33.940625"
"16.93368175","85.9","28.584374999999998"
"10.216575","51.0","24.59375"
"16.948574999999998","85.0","25.75625"
"26.505783750000003","134.3","28.296875"
"47.70586975","246.1","32.690625"
"86.31790375","460.7","40.796875"
"111.92834800000001","612.4","46.537499999999994"
"112.98406000000003","619.6","47.0625"
"135.24176175","761.1","52.884375000000006"
"102.175015","557.8","46.03125"
"72.50032775000001","382.3","37.946875"
"31.436055000000003","161.0","30.93125"
"16.81171775","85.1","28.059375"
"6.325686999999999","31.4","23.18125"
"25.51123575","128.7","27.221874999999997"
"57.922048000000004","300.8","34.3"
"98.20629500000001","530.2","43.46875"
"130.34176375","727.1","50.921875"
"141.58369575","800.1","53.803125"
"140.305088","795.2","54.45"
"135.314751","766.2","54.243750000000006"
"112.07377500000001","622.2","49.84375"
"100.60086000000001","554.0","48.0125"
"86.73639974999999","471.9","45.246875"
"54.34874775000001","287.1","38.371875"
"16.56207975","84.9","31.153125"
"4.9147110000000005","24.6","25.26875"
"10.728929750000002","53.9","26.184375"
"18.565483750000002","93.7","27.328125"
"20.63810175","104.3","27.659374999999997"
"43.997031","226.2","31.86875"
"24.54334575","124.3","28.184375"
"41.175552","211.2","31.299999999999997"
"40.712412","209.2","31.737499999999997"
"27.757527","141.4","29.61875"
"14.623838999999998","73.8","27.30625"
"6.79365775","34.1","25.965625"
"21.042003750000003","106.5","28.028125"
"37.881623000000005","194.2","31.168750000000003"
"27.344448","139.2","29.450000000000003"
"15.534111","78.6","27.95625"
"48.243455000000004","251.0","34.74375"
"77.88866975","415.7","40.790625"
"92.482095","501.0","44.25625"
"92.10405375","499.5","44.509375"
"82.20631100000001","442.6","42.83125"
"68.774191","366.2","40.24375"
"44.85090975","233.9","35.309375"
"15.375808000000001","78.4","29.849999999999998"
"6.4372630000000015","32.2","25.106250000000003"
"9.818844000000002","49.2","25.5375"
"20.651919000000003","104.2","27.25625"
"25.71893975","130.3","28.271875"
"28.976487750000008","147.3","29.103125"
"19.648895000000003","99.4","27.90625"
"28.813713749999998","146.7","29.484375"
"21.693735","109.8","28.03125"
"10.922217750000002","54.9","26.315625"
"6.969374999999999","35.0","26.09375"
"22.920171749999998","116.1","28.228125000000002"
"59.00664","308.0","35.525"
"90.70480375000001","487.3","42.328125"
"114.33291100000001","628.6","47.64375"
"135.08470300000002","758.2","52.29375"
"136.36702300000002","768.2","53.10625"
"164.71023100000002","956.2","59.681250000000006"
"146.27526","834.0","55.7625"
"124.88943600000002","697.2","51.087500000000006"
"91.84509375","497.3","44.140625"
"52.29093375","273.9","36.359375"
"18.230463750000002","92.9","29.703125"
"5.15432775","25.7","24.303125"
"25.102748000000002","127.6","29.087500000000002"
"53.038396000000006","276.4","35.1375"
"74.538735","397.0","40.30625"
"90.26640700000002","488.6","44.06875"
"96.38052375000001","525.7","45.828125"
"104.07418575","572.3","47.684375"
"98.260956","538.8","47.037499999999994"
"76.71282375000001","414.3","43.546875"
"88.840895","486.2","46.59375"
"86.61926","473.2","46.1875"
"47.696028000000005","252.4","38.7875"
"16.834607000000002","86.6","32.00625"
"23.138620000000003","118.0","29.8875"
"26.388336","135.2","31.025"
"47.786287","249.4","35.49375"
"60.80974774999999","320.9","38.128125"
"82.93012375","444.1","41.578125"
"110.89071175000001","609.7","47.653125"
"107.96979375","592.5","47.215625"
"99.78179100000001","544.2","45.806250000000006"
"86.68432374999999","467.9","43.421875"
"69.589415","370.6","40.28125"
"36.22008","188.0","34.175"
"13.02281175","66.3","29.471874999999997"
"4.774399000000001","23.8","24.24375"
"26.935920000000003","136.8","28.875"
"63.42362775","332.1","36.278125"
"104.364479","567.8","45.24375"
"130.767808","731.2","51.45"
"144.57975900000002","822.2","55.19375"
"148.936431","852.6","56.64375"
"150.08993500000003","864.2","57.90625"
"139.476636","795.6","55.8625"
"116.31428375","650.3","51.421875"
"92.07700700000001","503.8","46.54375"
"50.88170375000001","268.7","38.296875"
"16.021191","82.2","31.368750000000002"
"4.58704175","22.9","24.615624999999998"
"30.005807000000004","153.4","30.49375"
"66.53631374999999","351.5","38.384375"
"98.46338800000001","537.2","45.8875"
"123.80931174999999","694.3","52.096875"
"132.38480775","750.3","54.446875"
"129.880432","735.2","54.175"
"145.83616575","840.3","58.059375"
"129.38985375000001","734.7","54.859375"
"119.690463","673.8","52.95625"
"71.47266375000001","385.5","43.246875"
"43.812515749999996","231.1","38.021875"
"16.319223","84.2","32.73125"
"17.75217775","90.1","28.715625"
"29.62261575","152.1","31.553125"
"75.73852975000001","404.3","40.834375"
"104.80267175000002","576.1","47.603125000000006"
"128.18710575000003","722.7","53.284375"
"150.48683775","869.1","58.559375"
"140.18865375000001","803.5","56.909375"
"126.73268175000001","717.9","54.334374999999994"
"91.33674975000001","501.1","47.159375"
"87.7056","480.0","46.6"
"52.3335","278.0","39.6875"
"17.031997750000002","87.7","32.240625"
"4.187295","21.0","25.75625"
"29.981263000000002","153.4","30.693749999999998"
"66.84841574999999","353.7","38.753125"
"94.023447","511.4","45.18125"
"130.45554300000003","736.6","53.618750000000006"
"135.43913775000001","771.7","55.615625"
"131.911644","749.2","54.9125"
"133.519527","760.6","55.56875"
"114.166935","639.0","51.66875"
"111.32787375","621.9","51.234375"
"78.16504","423.2","44.125"
"35.259691749999995","184.7","36.371875"
"11.032827750000001","56.7","31.771875"
"28.03595375","143.5","30.784375"
"63.306839000000004","333.8","37.93125"
"95.38297200000002","519.6","45.5375"
"111.691327","622.6","50.75625"
"122.86203900000002","692.2","53.13125"
"114.32213975","640.9","52.028125"
"144.176527","833.8","58.856249999999996"
"121.694","685.6","53.125"
"82.25799975","449.7","46.353125"
"84.95488175000001","466.1","47.165625000000006"
"47.347111000000005","250.6","38.83125"
"12.844733750000001","65.9","31.359375"
"6.83160375","34.5","27.478125"
"26.329207","135.4","31.93125"
"31.624793750000002","163.7","33.515625"
"59.92765775000001","317.3","38.915625"
"84.37557375","456.3","43.859375"
"98.63739899999999","541.8","47.43125"
"100.25467100000002","552.2","48.056250000000006"
"90.583791","496.2","46.80625"
"77.52173775","419.7","44.115625"
"65.92112175","353.1","41.634375000000006"
"33.30054575","173.9","35.634375"
"12.071703","61.8","30.831249999999997"
"28.50848","145.6","30.25"
"62.69837175000001","330.3","37.721875"
"101.28018175","553.3","46.190625"
"124.54150399999999","699.2","52.35"
"142.48742000000001","818.0","57.2625"
"152.87639575","888.7","59.971875000000004"
"146.08058575","845.9","59.134375000000006"
"135.10186975000002","774.7","57.009375"
"108.85794800000001","609.2","51.6375"
"83.55415775","457.9","46.909375"
"48.01446000000001","255.6","40.1875"
"15.226285750000002","78.7","33.159375"
"29.209500000000002","150.0","31.5875"
"64.1036","340.0","39.325"
"99.46569375","547.5","47.909375"
"125.55231975000001","713.7","55.103125"
"138.89007575","800.9","58.228125000000006"
"149.31117500000002","871.0","60.71875"
"144.70168","840.8","59.875"
"132.051903","758.2","57.29375"
"100.60693500000001","561.0","50.83125"
"78.04007100000001","426.6","46.33125"
"40.312327","213.4","38.868750000000006"
"14.555712000000002","75.2","33.05"
"29.608215","152.6","32.46875"
"59.674299749999996","315.9","38.871875"
"102.56684400000002","565.2","48.1625"
"129.74083775000003","737.3","55.040625"
"133.88732174999998","765.3","56.315625"
"152.508015","891.0","61.04375"
"152.61222575000002","891.7","61.065625000000004"
"135.086175","775.8","57.34375"
"112.35901500000001","631.0","52.41875"
"85.61322575000001","469.3","46.965624999999996"
"39.32799375","207.5","38.084375"
"14.111251750000001","72.7","32.371875"
"27.08033575","139.1","31.646875"
"67.02831900000001","356.6","40.04375"
"99.670983","548.2","47.73125"
"125.22386800000001","708.4","54.037499999999994"
"145.836511","843.4","58.85625"
"145.78677775","845.3","59.415625"
"140.35287175","811.3","58.753125"
"139.052988","802.8","58.4875"
"98.73475975","548.9","50.153125"
"77.932572","424.4","45.462500000000006"
"44.928743000000004","237.8","38.83125"
"12.774543750000001","65.7","31.953125"
"28.111472000000006","144.8","32.325"
"61.97051575","328.9","39.478125"
"98.23321200000001","541.2","48.1125"
"127.6671","726.0","55.1875"
"145.128879","841.4","59.39375"
"140.76907200000002","813.6","58.724999999999994"
"127.65081600000002","729.6","56.3"
"123.08026775","695.3","53.728125"
"87.05762975000002","477.1","46.909375"
"53.352575","283.0","39.34375"
"40.145047","210.2","36.26875"
"10.627584","54.4","30.8"
"20.065532","102.8","31.0125"
"50.09493775","262.9","36.815625"
"62.880925749999996","334.7","40.159375"
"57.09803175","300.9","37.803124999999994"
"35.83906375","185.5","33.496875"
"33.402415000000005","172.6","33.09375"
"64.12198000000001","338.0","37.8625"
"60.84770175","319.7","37.090625"
"54.33984","284.8","36.5"
"36.141093749999996","187.5","34.059375"
"24.47947775","126.1","32.340624999999996"
"8.64050775","43.9","28.971875"
"24.36896","123.2","27.75"
"55.068992","286.4","34.65"
"98.200063","531.4","44.006249999999994"
"125.86222775","700.1","50.278125"
"155.318336","891.2","57.150000000000006"
"153.68531099999998","881.4","57.04375"
"154.53601500000002","889.8","57.90625"
"146.82915100000002","840.2","56.556250000000006"
"120.25997500000001","671.0","50.96875"
"91.37866774999999","496.9","45.128125"
"50.410393750000004","264.5","36.765625"
"13.464540000000001","68.4","28.9375"
"11.268699750000001","56.7","26.571875000000002"
"13.289472000000002","67.2","27.8"
"36.81238975","190.1","32.940625"
"87.14696375","469.7","43.078125"
"129.915888","728.8","52.175"
"118.49401375","659.5","50.409375"
"124.059359","696.2","52.25625"
"111.135087","617.4","49.99375"
"97.38790575","534.9","47.415625"
"70.18797500000001","377.0","42.28125"
"22.44735375","116.3","33.734375"
"11.39779575","58.3","30.621875"
"26.185775","134.2","31.09375"
"62.83913175","332.1","38.478125000000006"
"76.985415","413.4","42.21875"
"103.34619375","568.5","47.765625"
"107.50331100000001","593.4","48.54375"
"115.32014775","642.3","50.571875"
"104.58487975000001","575.9","47.996875"
"105.35782300000001","582.2","48.79375"
"82.62341175","448.9","44.928124999999994"
"65.11247599999999","348.4","41.3875"
"30.990165750000006","161.3","34.840625"
"9.162972","46.8","30.2625"
"25.27939375","129.1","30.234375"
"65.38506299999999","346.2","38.91875"
"98.41014975","537.9","46.309375"
"127.84260375","720.9","53.328125"
"136.889919","780.6","55.79375"
"147.82250175000001","854.7","58.809375"
"147.51142000000002","854.0","59.0875"
"132.45369375","756.5","56.140625"
"90.13602375","495.9","47.796875"
"77.56911975","422.3","45.396875"
"45.589212","241.2","38.7375"
"11.882495000000002","61.0","31.50625"
"28.624575","147.0","31.59375"
"67.28967375","357.9","39.984375"
"102.90350175","568.3","48.659375"
"132.06526399999998","754.4","56.175"
"148.12737975000002","863.1","60.471875"
"151.17410375","884.9","61.453125"
"146.01847975","852.7","60.946875"
"130.104828","747.6","57.462500000000006"
"109.586944","617.6","53.2"
"80.13557499999999","439.4","47.03125"
"41.208540000000006","218.0","38.7125"
"10.399382999999998","53.4","31.568749999999998"
"28.237407","145.4","32.24375"
"67.571031","360.6","40.76875"
"105.56510375000002","585.7","49.703125"
"131.18670175000003","750.7","56.559375"
"146.98393199999998","856.4","60.462500000000006"
"150.523255","881.0","61.43125"
"153.38001375000002","902.7","62.609375"
"109.65174","618.0","53.2125"
"87.68874375000001","483.3","48.203125"
"69.97434375","377.5","43.296875"
"29.57226975","153.9","34.809375"
"6.37479375","32.5","29.815625"
"5.257435750000001","26.3","25.121875"
"23.629677750000003","119.7","28.240625"
"78.29099100000002","414.6","38.95625"
"102.17591999999999","554.4","44.625"
"130.080508","724.4","50.537499999999994"
"123.04639099999999","683.8","50.068749999999994"
"132.585084","744.4","52.3625"
"131.26329600000003","737.6","52.55"
"110.48490975","609.9","48.559375"
"67.035584","356.8","40.15"
"43.381767","226.2","35.26875"
"11.5983","58.8","28.4375"
"24.485783","123.8","27.768749999999997"
"53.87991375000001","279.5","34.034375"
"97.35127775000002","526.7","43.959375"
"131.1207","735.6","52.1875"
"143.72867575","820.1","55.928125"
"154.50863575","895.3","59.278125"
"158.87331375","928.5","61.115625"
"140.71886175","806.1","56.790625000000006"
"107.392636","595.6","49.6125"
"69.37592","370.4","40.875"
"36.09609375","187.5","34.359375"
"10.271655000000003","52.2","29.03125"
"5.829161750000001","29.3","26.315624999999997"
"9.956919000000001","50.2","27.06875"
"18.414123749999998","93.5","28.821875"
"16.049231","81.4","28.54375"
"20.25816","103.2","29.625"
"40.21888","208.0","33.3"
"63.28013500000001","333.8","38.03125"
"64.95145575000001","344.1","39.053125"
"50.92831999999999","267.2","36.75"
"73.688796","392.4","40.2625"
"37.011975","191.4","33.28125"
"9.045271","45.8","28.131249999999998"
"22.956400000000002","116.0","27.625"
"54.55046000000001","283.6","34.5625"
"90.63104375000002","487.1","42.421875"
"132.303895","738.2","50.96875"
"151.04577975","858.3","55.021874999999994"
"158.87376375","911.3","57.078125"
"161.76207600000004","932.4","58.1375"
"147.542908","839.6","55.337500000000006"
"124.60313599999999","694.4","50.7"
"88.31717375000001","477.1","43.609375"
"47.52541575000001","248.1","35.553125"
"10.76034375","54.5","28.203125"
"30.490460000000002","154.0","27.5125"
"68.02989375000001","354.9","35.390625"
"101.606076","550.8","44.412499999999994"
"127.812924","716.4","51.9875"
"143.896823","824.6","56.868750000000006"
"139.876935","799.0","56.16875"
"142.306575","812.6","56.09375"
"127.31129775000002","714.7","52.334375"
"72.15328575000001","384.3","40.309375"
"40.010716","208.4","35.0125"
"9.099968","46.4","29.849999999999998"
"4.720269750000001","23.7","26.040625000000002"
"13.754039000000002","69.4","27.26875"
"26.119104000000004","132.8","29.15"
"35.96660575000001","184.3","31.059375000000003"
"38.480624000000006","197.6","31.575"
"42.224131750000005","218.3","33.221875"
"65.44560375","344.7","37.671875"
"71.62284975","380.3","39.584375"
"60.19962975000001","318.1","38.440625"
"60.358615","319.4","38.78125"
"37.24649375","193.3","34.140625"
"7.823772000000001","39.6","28.0375"
"13.824297750000001","69.9","27.784375"
"46.641063","242.6","34.68125"
"94.04586175","510.1","44.540625000000006"
"107.96211975000001","595.3","48.303124999999994"
"117.85567600000002","657.2","50.837500000000006"
"140.073735","797.8","55.53125"
"143.58937600000002","819.2","55.900000000000006"
"108.11628800000001","596.8","48.55"
"94.0988","512.8","45.625"
"81.26227200000001","436.8","42.45"
"31.177692","161.2","33.2375"
"6.566607","33.4","29.24375"
"13.680192","68.8","26.45"
"54.210303","281.4","34.193749999999994"
"97.801212","527.6","43.2875"
"98.80852575000002","535.7","44.440625"
"117.36791999999998","648.8","48.875"
"142.54789575","807.9","54.446875"
"124.42420575000001","695.7","51.440625"
"96.611151","527.8","46.193749999999994"
"77.74987200000001","416.8","41.825"
"42.59104575","221.1","34.209375"
"20.98313375","106.9","29.640625"
"4.902903000000001","24.6","25.868750000000002"
"7.71838375","38.5","24.403125"
"22.215039","112.2","27.50625"
"22.931964","116.4","28.7375"
"33.253052000000004","170.8","31.637500000000003"
"61.309404","322.8","37.5875"
"95.43430300000001","518.2","44.79375"
"92.77454175","502.7","44.309375"
"87.35548175000001","470.9","43.115624999999994"
"71.727935","382.6","40.65625"
"55.87064775000001","294.3","37.696875"
"29.532127","152.2","32.45625"
"6.425244000000001","32.4","27.1125"
"27.062295000000002","137.0","28.08125"
"71.461071","376.2","37.55625"
"107.274375","585.0","45.78125"
"138.99993975000004","781.7","52.728125000000006"
"142.09269500000002","805.4","54.46875"
"132.778975","749.0","53.40625"
"113.83181175","632.9","50.178124999999994"
"88.89144000000002","484.0","45.425"
"68.69376974999999","366.9","40.965625"
"42.954240000000006","224.0","35.3"
"17.063107749999997","87.1","30.121875"
"7.43715375","37.3","25.765625"
"36.078812","185.2","31.487499999999997"
"28.373531999999997","145.2","30.737499999999997"
"39.40932975","203.7","33.165625"
"37.341099750000005","192.9","33.028125"
"37.359975000000006","193.0","33.03125"
"61.060860000000005","322.0","37.9625"
"26.673052","137.2","31.987499999999997"
"17.472783000000003","89.4","30.693749999999998"
"22.720391750000005","116.9","32.053125"
"23.01696","118.4","32.0"
"4.107584","20.8","28.15"
"11.549553750000001","58.1","26.515625"
"36.883968","188.8","30.799999999999997"
"77.79171375","410.7","38.234375"
"100.04543775","538.9","42.940625"
"125.52622774999999","691.9","48.221875"
"138.157311","769.4","50.54375"
"129.997791","718.2","48.743750000000006"
"119.355519","654.2","46.94375"
"87.72306375000001","468.7","41.046875"
"67.96164375","357.5","37.371875"
"31.698249750000002","162.1","30.565625"
"5.432384000000001","27.2","25.35"
"22.195519750000003","112.1","27.503125"
"58.791987750000004","306.3","35.071875"
"87.938055","471.0","41.61875"
"108.72940375","595.9","46.921875"
"137.11439775000002","774.1","53.590625"
"122.01746375","681.5","51.196875"
"133.21319375000002","752.5","53.715625"
"104.33822175000002","574.7","48.059375"
"84.872183","459.8","44.26875"
"59.50819575","316.1","39.678125"
"34.43063175","179.1","34.696875"
"6.569279","33.4","29.14375"
"22.50246","114.0","28.2625"
"49.837116","258.8","34.2875"
"87.84278","472.4","42.5625"
"120.71046","670.8","50.0625"
"137.74849375000002","780.5","54.390625"
"145.12401575","828.7","56.096875"
"158.91459575000002","922.3","59.621875"
"141.34329200000002","806.8","56.0125"
"105.90364400000001","585.2","48.7875"
"73.6956","396.0","42.375"
"38.61371375","201.1","34.984375"
"6.121521749999999","30.9","27.365624999999998"
"18.00711575","91.9","30.071875"
"41.043132","213.2","34.3625"
"55.81062175000001","294.1","37.790625000000006"
"57.110883750000006","301.5","38.221875"
"92.96926175","506.9","45.740624999999994"
"77.82214300000001","417.4","41.943749999999994"
"62.906279000000005","333.8","39.43125"
"51.24091175","268.9","36.803124999999994"
"49.743735","260.2","36.03125"
"41.929603750000005","218.5","35.128125"
"17.427004","89.2","30.7875"
"6.037047750000001","30.3","25.946875"
"17.80671775","89.9","27.409375"
"24.17427375","122.1","27.515625"
"15.716463","78.6","25.056250000000002"
"43.064253750000006","219.5","29.759375"
"31.26816","158.4","28.25"
"34.507319","175.4","29.08125"
"34.281759750000006","174.3","29.146875"
"18.527228","93.2","26.512500000000003"
"7.95776575","39.7","24.440625"
"25.762431","128.2","23.80625"
"67.30587175000001","347.3","32.753125"
"101.31313500000002","539.0","40.04375"
"129.88492700000003","710.2","46.39375"
"149.46198175","833.9","50.959374999999994"
"155.24358000000004","872.4","52.5625"
"148.42650375","830.3","51.546875"
"129.377415","713.0","48.18125"
"95.913615","513.8","41.65625"
"43.487964","223.6","31.8875"
"28.101759750000006","142.3","28.146875"
"5.25308175","26.1","23.415625000000002"
"9.592828","47.6","23.087500000000002"
"17.817805749999998","89.3","25.590625"
"15.50307375","77.9","26.234375"
"54.081007750000005","280.1","33.653125"
"77.64147375","411.7","39.265625"
"75.54161375","400.3","39.109375"
"55.97990175","293.1","36.259375000000006"
"37.87264975","196.3","33.834375"
"38.739735","201.0","34.08125"
"38.632","200.0","33.55"
"10.093399750000001","51.1","28.096875"
"13.858684000000002","69.2","24.6625"
"35.718805749999994","181.1","28.459375"
"41.00893500000001","209.0","29.73125"
"58.920077750000004","303.7","32.490625"
"84.082119","442.2","37.31875"
"122.08698975","661.1","44.159375"
"106.02790975000002","567.7","41.540625000000006"
"103.85357775","554.1","40.715625"
"87.79916700000001","462.6","37.75625"
"44.873695000000005","229.0","30.05625"
"29.87363775","150.7","27.209375"
"22.030653750000003","108.5","21.190625"
"62.484247","317.8","29.231250000000003"
"103.92515175000001","548.7","38.246875"
"136.42530175000002","745.3","46.190625"
"119.97865200000001","649.2","43.9875"
"143.25748700000003","792.2","48.95625"
"133.074895","731.0","47.44375"
"90.76041975000001","482.3","39.771875"
"67.74562375000001","353.5","35.446875"
"54.60015900000001","281.8","32.80625"
"33.67332375","170.5","28.128125"
"26.411365750000005","130.9","22.790625"
"68.98841775000001","354.1","31.465625"
"106.354567","565.4","39.86875"
"138.83858375000003","761.5","47.096875"
"148.384847","824.2","49.95625"
"154.05280775","863.9","52.096875"
"145.72830375","814.5","51.353125"
"128.98622775","712.7","48.771875"
"104.21689599999999","564.8","44.349999999999994"
"59.44134375","310.5","35.703125"
"26.32519575","133.7","28.878124999999997"
"29.137623","144.6","23.118750000000002"
"72.538551","373.4","32.16875"
"113.46275100000001","608.2","41.806250000000006"
"140.70301975","778.3","49.021874999999994"
"162.02429500000002","919.0","54.61875"
"168.59313375","968.3","57.359375"
"163.01899975","934.3","56.896874999999994"
"144.996927","819.4","53.80625"
"116.56435175","643.3","48.503125"
"78.84360575000001","421.1","40.959375"
"35.992171750000004","184.9","31.678124999999998"
"8.83209775","43.7","22.365625"
"19.407931750000003","96.7","24.121875000000003"
"31.659553750000004","159.5","26.884375"
"23.006733750000002","115.5","26.009375"
"76.131324","397.2","35.4125"
"103.10425199999999","550.8","41.0125"
"118.238239","639.8","43.99375"
"113.97335174999999","612.9","42.553124999999994"
"62.6903","324.4","33.4375"
"30.806108000000002","156.4","28.787499999999998"
"13.723086999999998","68.6","24.94375"
"39.54286375000001","201.5","29.696875"
"81.24054575000001","427.7","37.565625"
"113.13980775","612.9","44.253125"
"138.772831","769.4","49.54375"
"161.06475175","913.7","54.653125"
"145.351175","815.0","52.06875"
"138.930375","775.0","50.91875"
"106.79668175","579.7","44.715625"
"68.34198","359.6","37.4375"
"35.659259999999996","182.0","30.0875"
"19.577887000000004","97.4","23.74375"
"50.613655","258.2","29.96875"
"91.21377375","482.9","38.890625"
"112.96270575000001","610.7","43.784375"
"124.44","680.0","46.25"
"112.43260575","609.3","44.340625"
"147.35091375000002","823.5","51.334375"
"97.68117375","523.5","41.759375"
"98.64235199999999","528.8","41.825"
"67.232295","351.0","35.56875"
"24.887511000000003","125.4","26.91875"
"23.233897749999997","114.1","20.465625"
"69.25438575","353.1","29.834375"
"116.21460375000001","618.5","40.128125"
"138.01660375","756.1","46.828125"
"148.28590975","826.9","50.840625"
"164.65971375","938.7","55.734375"
"160.55046000000002","915.6","55.8125"
"137.10831174999998","766.3","51.346875"
"104.455327","567.8","45.04375"
"75.35905975000001","399.1","38.971875"
"32.69696175000001","166.9","30.115624999999998"
"14.404509750000003","72.3","25.959374999999998"
"22.218108000000004","112.4","27.912499999999998"
"62.264231","324.2","34.93125"
"49.07316375","253.5","33.021875"
"93.61188375","498.3","40.171875"
"50.94980775000001","262.3","32.196875"
"85.692255","451.0","37.49375"
"50.75168","260.8","31.75"
"28.717975","145.0","27.43125"
"6.67999375","33.1","22.734375"
"12.712128","62.4","20.349999999999998"
"43.91436775000001","220.9","26.503125"
"74.13997499999999","383.4","33.28125"
"107.50470399999999","574.4","41.05"
"137.92057200000002","759.6","48.0375"
"140.7276","780.0","49.475"
"143.12124775","796.9","50.503125"
"121.00359375","661.9","46.484375"
"97.89453975","525.7","42.228125000000006"
"71.876935","377.0","36.68125"
"29.129679750000005","147.3","27.803125"
"17.039975000000002","84.2","22.03125"
"43.45766975","218.9","26.840625"
"71.60265375","369.3","32.640625"
"94.94121375","499.5","37.409375"
"113.912095","609.4","41.34375"
"121.29801499999999","653.0","42.80625"
"107.01938775","568.7","39.771875"
"51.176203750000006","261.5","30.371875"
"18.678599000000002","93.4","25.01875"
"42.13688175000001","213.3","28.065624999999997"
"17.502091749999995","87.1","23.821875000000002"
"7.931661750000002","38.7","18.809375000000003"
"27.603504","136.8","22.775"
"50.623839000000004","256.2","28.00625"
"70.00576000000001","361.6","33.0"
"111.28454374999998","596.9","41.953125"
"129.26396175","706.1","46.165625000000006"
"131.08134375000003","718.5","46.953125"
"108.48669975","584.7","43.071875000000006"
"77.346048","406.4","37.099999999999994"
"56.73023775","293.1","33.059375"
"22.79856375","114.3","25.671875"
"21.878991000000003","107.4","20.35625"
"51.85909575","260.7","26.346874999999997"
"94.05841500000001","491.0","35.54375"
"119.58534","642.0","42.1625"
"159.25089375000002","893.1","52.109375"
"173.44216","992.8","56.625"
"165.47814300000002","942.6","55.556250000000006"
"138.269263","767.8","49.89375"
"113.635975","617.0","44.78125"
"68.9328","360.0","35.65"
"19.153920000000003","96.0","25.6"
"19.439615000000003","96.2","22.40625"
"55.956951","285.4","29.91875"
"67.17609374999999","347.5","33.359375"
"82.49509375000001","434.9","37.890625"
"89.45914575","477.3","40.715625"
"125.550471","693.4","48.66875"
"126.97027374999999","704.5","49.715625"
"99.32211900000001","538.2","44.31875"
"81.62730575","435.7","40.815625"
"32.81376","168.0","30.85"
"7.213031000000001","36.2","25.931250000000002"
"4.799901750000001","23.7","21.840625000000003"
"18.305135","91.4","24.65625"
"39.53072975","201.1","29.284375"
"86.254023","456.6","38.868750000000006"
"88.90822175000001","473.3","40.190625"
"51.48710775000001","266.3","33.321875"
"70.09848","367.2","36.375"
"15.792873750000002","79.5","26.684375"
"14.891932000000002","74.8","26.1375"
"13.407744000000001","67.2","25.6"
"4.559805750000001","22.7","23.909375"
"4.4530199999999995","22.0","21.9875"
"21.83240175","109.3","25.315624999999997"
"59.13656700000001","304.6","32.31875"
"123.42070000000001","670.0","44.7375"
"146.61311175000003","812.7","49.496875"
"142.13968775000004","784.1","48.403125"
"143.62498175","793.3","48.690625"
"115.102812","620.4","43.0875"
"69.09249175000001","359.3","34.628125"
"41.358123750000004","210.3","29.171875"
"22.862571749999997","114.3","24.971874999999997"
"13.00444775","64.1","21.403125"
"64.04230175000001","328.3","31.159374999999997"
"95.51742399999999","503.2","37.725"
"133.901055","731.4","46.15625"
"156.79652800000002","879.2","52.075"
"150.84748800000003","844.8","51.8"
"155.633584","877.6","53.325"
"132.71492575","733.1","48.709375"
"96.74171175","516.9","41.053124999999994"
"61.950625750000015","321.1","33.834375"
"17.837535000000003","89.4","25.59375"
"8.850364","43.6","21.2625"
"19.087021749999998","94.7","23.059375000000003"
"37.643184000000005","189.6","26.825"
"41.03779375","207.5","27.784375"
"86.44967100000002","451.8","35.81875"
"108.288432","576.8","40.325"
"77.25715100000001","403.4","35.60625"
"53.402217750000005","274.1","31.465625"
"45.443231000000004","231.8","29.94375"
"32.11322575","162.1","27.365625"
"14.323911","71.4","24.23125"
"17.946495","88.2","20.65625"
"56.21561500000001","284.6","28.09375"
"92.06030175000001","480.3","35.409375"
"105.48827775000001","557.1","38.309375"
"136.51699575","740.1","44.428125"
"146.28883775","800.3","46.509375"
"137.49815175","747.1","44.946875000000006"
"140.84475899999998","767.4","45.58125"
"82.392103","428.2","34.48125"
"46.63770300000001","235.8","27.768749999999997"
"15.664599","77.4","22.01875"
"21.300757750000002","103.7","18.240625"
"50.91338175","254.1","24.540625000000002"
"97.811712","508.8","34.7"
"131.491359","708.6","43.04375"
"136.50506175","741.1","44.759375000000006"
"125.828592","679.2","43.425"
"69.66314375","359.9","33.046875"
"35.88287175","180.9","27.053124999999998"
"12.59734375","62.5","23.053125"
"9.396927999999999","46.4","21.849999999999998"
"5.050503","24.6","18.368750000000002"
"13.425503","65.8","19.956249999999997"
"25.627925750000003","126.7","22.159375"
"22.58683375","111.5","21.784375"
"20.05766175","98.9","21.490624999999998"
"19.436383","95.8","21.393749999999997"
"14.64764775","71.9","20.346875"
"10.643899750000003","52.1","19.628125"
"13.916551000000002","68.2","19.931250000000002"
"8.68264375","42.5","19.628125"
"15.96521775","78.9","22.065625"
"22.475343","112.2","24.606250000000003"
"29.138332000000002","146.8","26.887500000000003"
"82.974528","436.8","37.55"
"100.59701500000001","538.6","41.53125"
"53.513011750000004","276.1","32.728125000000006"
"79.31670575000001","418.1","37.865625"
"35.19020175","179.7","30.215625000000003"
"34.921820000000004","178.0","29.7625"
"11.758236","58.8","25.037499999999998"
"4.237376","20.8","20.349999999999998"
"24.091759749999998","120.1","24.253125"
"46.83105975","237.7","28.728125"
"65.072631","335.4","32.48125"
"61.243623750000005","315.1","32.046875"
"80.53343100000001","420.2","35.43125"
"95.45945175","503.1","37.821875000000006"
"85.40413500000001","445.8","35.53125"
"44.45556175","225.1","28.134375000000002"
"15.153374999999999","75.0","22.44375"
"9.80620775","47.9","19.096875"
"15.87987775","78.1","20.840625"
"24.33583575","120.7","22.971875"
"19.100103750000002","94.5","22.353125"
"14.584375750000001","71.9","21.446875"
"21.140183","104.6","22.368750000000002"
"22.761527","112.6","22.31875"
"9.279079","45.4","19.51875"
"6.99552975","34.1","18.565625"
"21.684239","105.8","18.80625"
"67.36405575","340.7","27.846874999999997"
"112.48171200000002","591.2","37.175"
"136.81647375","738.7","43.484375"
"162.64593975","903.3","49.928124999999994"
"171.340575","965.0","53.05625"
"166.57734375","937.5","52.896875"
"145.05791100000002","802.6","49.08125"
"113.726127","612.6","42.94375"
"69.553596","360.4","33.7625"
"22.602864000000004","112.8","24.525"
"7.5614557499999995","36.9","18.853125"
"21.045440000000003","104.0","22.05"
"21.45334","106.0","22.0125"
"13.29295775","65.3","20.540625"
"14.076533750000001","69.1","20.359375"
"11.78450375","57.7","19.703125"
"9.282710999999999","45.4","19.41875"
"7.162575","35.0","19.19375"
"14.814987749999998","72.7","20.271875"
"54.48792","276.0","28.225"
"95.37681500000001","500.6","36.84375"
"105.120199","557.8","39.43125"
"141.17154800000003","772.4","46.537499999999994"
"128.002631","693.8","44.381249999999994"
"130.93199599999997","712.4","45.2625"
"103.81663600000002","551.6","39.7375"
"67.092928","347.2","33.45"
"41.391808","209.6","28.150000000000002"
"18.770655","93.0","22.70625"
"17.343422999999998","84.6","18.743750000000002"
"44.329815","221.4","24.71875"
"33.189991000000006","165.4","24.16875"
"50.54464","256.0","28.2"
"95.14880700000002","501.8","37.98125"
"53.78463575","275.9","31.321875"
"36.15179375","183.5","28.734375"
"34.53365975","175.1","28.471875"
"26.35107975","132.9","27.153125"
"7.621047","37.8","22.98125"
"9.784581750000001","47.7","18.590625000000003"
"40.73844375","202.5","23.528125"
"69.262783","350.6","28.056250000000002"
"82.72606300000001","422.6","30.306250000000002"
"79.06309775000001","402.7","29.584375"
"55.16398575","276.3","25.434375000000003"
"52.283376000000004","261.6","25.175"
"52.557372","262.8","25.012500000000003"
"35.845788","177.2","22.137500000000003"
"19.900525750000003","97.3","19.340625"
"7.523516","36.4","16.6375"
"7.161335000000001","34.6","16.28125"
"26.743807999999994","131.2","20.200000000000003"
"43.87192699999999","218.6","24.13125"
"65.785599","334.2","28.94375"
"59.72649375","302.7","28.359375"
"84.40097775000001","434.1","31.965625"
"68.44773575","345.7","27.503124999999997"
"47.08911375000001","233.1","22.484375"
"39.47751375","194.1","20.765625"
"7.277375","35.0","15.09375"
"9.58134","46.0","14.6375"
"31.043355750000007","151.3","18.528125000000003"
"52.807963750000006","261.5","22.571875"
"83.98637500000001","425.0","27.98125"
"78.754455","397.8","27.53125"
"91.97509500000001","469.8","30.28125"
"98.09659975000001","504.1","31.753125"
"93.22249500000001","477.0","30.70625"
"54.281007","270.6","24.25625"
"31.094172000000007","152.4","19.9625"
"10.54686175","50.9","15.990625"
"4.370496","20.8","12.35"
"23.512943750000005","113.5","16.046875"
"43.08181575","211.1","19.896875"
"61.36758975","305.3","23.740625"
"80.56610775000001","407.1","27.621875000000003"
"83.98750575000001","426.1","28.615625"
"82.06848000000001","416.0","28.4"
"49.43973375","245.1","22.859375"
"32.772839","160.6","19.91875"
"16.156511000000002","78.2","16.743750000000002"
"4.337216","20.8","14.35"
"13.695087000000003","65.4","13.243749999999999"
"44.73645500000001","218.2","18.71875"
"86.07065975","434.3","27.271875"
"125.72458575000002","657.1","35.834375"
"153.57755375000002","824.5","42.165625"
"153.47906175","825.9","42.709374999999994"
"138.64859099999998","739.4","40.60625"
"126.02074375000001","665.5","38.296875"
"90.55205975000001","464.9","31.528125"
"65.03798375","326.5","26.003125"
"16.859407750000003","81.7","17.053125"
"17.775484000000002","84.4","11.7375"
"62.45281775","306.1","19.965625000000003"
"96.301815","487.0","27.81875"
"135.73802375000002","713.5","37.196875"
"149.403863","799.4","41.381249999999994"
"156.85509375","849.3","44.140625"
"149.29419575000003","805.7","43.378125"
"129.816911","689.8","39.756249999999994"
"89.103792","458.4","32.025"
"32.50763775000001","160.3","21.509375"
"9.946959750000001","48.1","16.503125"
"14.910801750000001","70.9","12.115625000000001"
"62.24665200000001","306.8","21.387500000000003"
"86.81476975","437.9","27.184375"
"104.61356775000003","537.7","31.803125"
"136.76546800000003","725.2","39.2625"
"111.62483900000001","583.4","35.83125"
"98.11838400000002","509.6","34.325"
"68.176192","347.2","29.549999999999997"
"41.541557749999996","207.7","24.990625"
"17.76533175","87.3","20.628124999999997"
"5.312607","25.8","17.60625"
"10.27187175","49.7","16.653125"
"15.394588","74.8","17.7375"
"26.173071750000002","128.1","19.603125"
"56.0112","280.0","24.95"
"45.49606000000001","226.0","23.3625"
"40.99290375","203.3","22.953125"
"19.811931750000003","96.9","19.428124999999998"
"11.209423750000001","54.5","17.903125"
"19.48098775","95.3","19.478125"
"26.988999750000005","132.9","21.153125"
"45.398556000000006","226.8","24.7875"
"94.67815575","490.3","33.621875"
"129.36219974999997","684.9","38.903125"
"127.86031100000002","674.6","38.08125"
"96.77576700000002","498.6","32.38125"
"56.59676400000001","282.8","24.8375"
"36.478556","179.6","21.1125"
"18.851973750000003","91.5","17.459375"
"6.142000000000001","29.6","15.625"
"7.446213750000001","35.5","12.809375"
"39.67133175000001","192.9","17.928125"
"42.784903","208.6","18.61875"
"87.26484375","437.5","25.671875"
"72.916032","363.2","24.049999999999997"
"88.84412400000001","447.6","26.887500000000003"
"117.95160575000001","606.1","31.740625"
"56.70823575000001","279.1","21.021875"
"44.50470000000001","218.0","19.8125"
"29.522307750000007","143.3","17.478125"
"7.266588","34.8","13.9875"
"12.582","60.0","12.875"
"36.95492575","178.9","16.790625"
"63.689911","314.2","21.61875"
"92.39382","466.0","27.1625"
"111.49953500000001","572.6","31.59375"
"85.46401500000002","431.8","27.59375"
"86.8208","440.0","28.35"
"83.27917500000001","421.4","27.96875"
"46.155004","227.6","21.5125"
"33.90451900000001","165.4","18.76875"
"10.860646999999998","51.8","12.918750000000001"
"16.988223","79.8","8.89375"
"68.88989975","335.3","18.178125"
"115.11051975","582.3","27.896874999999998"
"146.46831375","766.9","36.265625"
"164.35087600000003","882.8","42.287499999999994"
"169.02478775","919.1","45.121875"
"160.75714800000003","872.4","44.662499999999994"
"139.135804","744.4","41.3625"
"105.15155375000002","547.7","35.015625"
"60.71165375000001","304.3","25.609375"
"12.722864","61.6","16.825"
"17.68044975","84.3","12.834375"
"35.39015175","171.3","16.753125"
"41.516043749999994","202.5","18.728125"
"44.320768","217.6","20.4"
"47.792265750000006","236.3","22.184375000000003"
"43.045184000000006","212.8","22.15"
"26.746469750000003","130.9","19.590625"
"18.861687","91.8","18.16875"
"15.26694","74.0","17.1125"
